rsid	pos	ref	alt
5:74352180	74352180	A	G
5:74352615	74352615	T	A
5:74352619	74352619	A	C
5:74353535	74353535	G	A
5:74353702	74353702	A	G
5:74353921	74353921	C	T
5:74354422	74354422	G	A
5:74354542	74354542	A	G
5:74354875	74354875	G	T
5:74356857	74356857	T	C
5:74357094	74357094	G	A
5:74357475	74357475	G	A
5:74357966	74357966	T	C
5:74359827	74359827	G	A
5:74361140	74361140	T	C
5:74361857	74361857	C	A
5:74362222	74362222	A	G
5:74362229	74362229	A	G
5:74363575	74363575	T	G
5:74363743	74363743	G	A
5:74363985	74363985	C	A
5:74364300	74364300	G	A
5:74365026	74365026	C	T
5:74365053	74365053	T	C
5:74365543	74365543	G	T
5:74365591	74365591	C	G
5:74365757	74365757	A	C
5:74365872	74365872	C	G
5:74365986	74365986	C	T
5:74366023	74366023	A	G
5:74367472	74367472	C	T
5:74367522	74367522	C	T
5:74367688	74367688	A	G
5:74368119	74368119	C	A
5:74368157	74368157	G	A
5:74368254	74368254	T	C
5:74368642	74368642	G	T
5:74369213	74369213	T	C
5:74370369	74370369	C	G
5:74370562	74370562	T	A
5:74370768	74370768	T	C
5:74370895	74370895	A	G
5:74371203	74371203	T	G
5:74371635	74371635	A	G
5:74372141	74372141	T	C
5:74372698	74372698	C	T
5:74373108	74373108	C	T
5:74373360	74373360	C	T
5:74374372	74374372	A	G
5:74375499	74375499	T	C
5:74375502	74375502	T	C
5:74376309	74376309	A	C
5:74376571	74376571	C	T
5:74376658	74376658	G	C
5:74376961	74376961	G	A
5:74377001	74377001	T	C
5:74378742	74378742	C	T
5:74378921	74378921	A	T
5:74379281	74379281	T	C
5:74379425	74379425	T	C
5:74379596	74379596	A	G
5:74379625	74379625	A	T
5:74379675	74379675	T	A
5:74379827	74379827	G	A
5:74379926	74379926	C	T
5:74380801	74380801	T	C
5:74380957	74380957	A	G
5:74380959	74380959	A	G
5:74381152	74381152	G	A
5:74381255	74381255	G	C
5:74381539	74381539	C	T
5:74382081	74382081	G	A
5:74382382	74382382	G	T
5:74382969	74382969	T	C
5:74383961	74383961	C	T
5:74384115	74384115	A	G
5:74386433	74386433	T	A
5:74386952	74386952	A	G
5:74387317	74387317	C	G
5:74387434	74387434	T	A
5:74387469	74387469	C	T
5:74387827	74387827	C	T
5:74389325	74389325	C	A
5:74389799	74389799	G	A
5:74389901	74389901	A	C
5:74390279	74390279	G	A
5:74390684	74390684	C	T
5:74391618	74391618	T	A
5:74391666	74391666	C	T
5:74392526	74392526	C	A
5:74392621	74392621	A	G
5:74392686	74392686	T	C
5:74392882	74392882	C	T
5:74393451	74393451	C	T
5:74393748	74393748	C	T
5:74393962	74393962	C	T
5:74394011	74394011	G	T
5:74394462	74394462	T	G
5:74394464	74394464	T	C
5:74394648	74394648	A	G
5:74394663	74394663	T	C
5:74394740	74394740	C	A
5:74394890	74394890	G	A
5:74394968	74394968	A	G
5:74395041	74395041	T	C
5:74395247	74395247	G	C
5:74395932	74395932	T	A
5:74396181	74396181	T	C
5:74396498	74396498	C	T
5:74396949	74396949	T	C
5:74397112	74397112	G	A
5:74397384	74397384	A	G
5:74397446	74397446	C	T
5:74397732	74397732	G	A
5:74397874	74397874	C	T
5:74398011	74398011	G	C
5:74398015	74398015	C	T
5:74398141	74398141	A	G
5:74399076	74399076	C	G
5:74399740	74399740	C	T
5:74399866	74399866	T	C
5:74399925	74399925	C	T
5:74400324	74400324	C	T
5:74400386	74400386	G	C
5:74400516	74400516	G	C
5:74401269	74401269	A	G
5:74401639	74401639	G	T
5:74401846	74401846	T	C
5:74402992	74402992	G	A
5:74403531	74403531	A	G
5:74403857	74403857	T	A
5:74404281	74404281	T	C
5:74404558	74404558	G	A
5:74404905	74404905	C	T
5:74404958	74404958	G	T
5:74405097	74405097	A	G
5:74405749	74405749	A	T
5:74406079	74406079	C	A
5:74406316	74406316	T	C
5:74407231	74407231	T	A
5:74407991	74407991	C	T
5:74407994	74407994	T	C
5:74408979	74408979	G	A
5:74410421	74410421	A	G
5:74410465	74410465	G	A
5:74410480	74410480	C	T
5:74410766	74410766	C	G
5:74410945	74410945	T	G
5:74411282	74411282	C	T
5:74411629	74411629	C	G
5:74412180	74412180	C	T
5:74412689	74412689	T	A
5:74412839	74412839	T	G
5:74413203	74413203	C	T
5:74413713	74413713	T	C
5:74414317	74414317	G	C
5:74415088	74415088	T	C
5:74415316	74415316	A	G
5:74416102	74416102	C	T
5:74416716	74416716	A	G
5:74416733	74416733	G	A
5:74416737	74416737	C	T
5:74417006	74417006	A	C
5:74417980	74417980	G	A
5:74418304	74418304	G	A
5:74418433	74418433	G	T
5:74418567	74418567	T	C
5:74419351	74419351	C	T
5:74419631	74419631	T	C
5:74419793	74419793	G	A
5:74420422	74420422	G	A
5:74420596	74420596	G	C
5:74421397	74421397	A	G
5:74421786	74421786	T	C
5:74421812	74421812	C	T
5:74421962	74421962	A	G
5:74422119	74422119	T	C
5:74422210	74422210	T	C
5:74422281	74422281	T	C
5:74422362	74422362	C	G
5:74422607	74422607	C	T
5:74423006	74423006	T	C
5:74423243	74423243	A	T
5:74423339	74423339	A	G
5:74423500	74423500	T	A
5:74424367	74424367	C	T
5:74424416	74424416	G	A
5:74424591	74424591	G	A
5:74425217	74425217	C	T
5:74425611	74425611	G	A
5:74425775	74425775	G	A
5:74425886	74425886	T	A
5:74425904	74425904	C	T
5:74426103	74426103	T	A
5:74426319	74426319	A	G
5:74426341	74426341	C	A
5:74426368	74426368	A	G
5:74426693	74426693	A	G
5:74426747	74426747	C	T
5:74426833	74426833	C	T
5:74426933	74426933	A	G
5:74426956	74426956	C	T
5:74427126	74427126	C	T
5:74427193	74427193	T	C
5:74427292	74427292	C	T
5:74427709	74427709	T	C
5:74427737	74427737	A	C
5:74427858	74427858	G	T
5:74427976	74427976	T	C
5:74428026	74428026	G	A
5:74428342	74428342	T	A
5:74428678	74428678	G	A
5:74428901	74428901	C	T
5:74429165	74429165	A	C
5:74429697	74429697	C	T
5:74430134	74430134	A	G
5:74430323	74430323	G	A
5:74430643	74430643	C	T
5:74431173	74431173	C	A
5:74431397	74431397	G	A
5:74431589	74431589	C	A
5:74431631	74431631	C	T
5:74431888	74431888	G	C
5:74432520	74432520	C	G
5:74433258	74433258	G	A
5:74433360	74433360	T	C
5:74433835	74433835	A	C
5:74434554	74434554	G	A
5:74435324	74435324	A	G
5:74435608	74435608	G	A
5:74436095	74436095	A	G
5:74436098	74436098	G	A
5:74436574	74436574	C	T
5:74437052	74437052	A	T
5:74437153	74437153	G	A
5:74437421	74437421	C	A
5:74439418	74439418	G	A
5:74441700	74441700	G	A
5:74442410	74442410	G	A
5:74442920	74442920	A	G
5:74442964	74442964	T	C
5:74443132	74443132	C	T
5:74443477	74443477	C	T
5:74443699	74443699	T	C
5:74444112	74444112	T	C
5:74444362	74444362	C	T
5:74444878	74444878	T	C
5:74445817	74445817	G	A
5:74445865	74445865	T	A
5:74445866	74445866	C	T
5:74446301	74446301	A	G
5:74446552	74446552	T	C
5:74446804	74446804	T	G
5:74447138	74447138	A	C
5:74447275	74447275	A	G
5:74448494	74448494	C	T
5:74448502	74448502	T	A
5:74449472	74449472	G	C
5:74449820	74449820	G	C
5:74451178	74451178	G	C
5:74451693	74451693	T	A
5:74451811	74451811	A	C
5:74452010	74452010	G	A
5:74452928	74452928	T	C
5:74453027	74453027	T	G
5:74453818	74453818	C	G
5:74454706	74454706	C	T
5:74455063	74455063	A	G
5:74455067	74455067	C	A
5:74455220	74455220	C	A
5:74455801	74455801	T	C
5:74456477	74456477	C	A
5:74456697	74456697	A	T
5:74456731	74456731	T	C
5:74456754	74456754	G	A
5:74456838	74456838	A	G
5:74456900	74456900	A	G
5:74457086	74457086	T	C
5:74457164	74457164	C	T
5:74457273	74457273	C	T
5:74457432	74457432	G	C
5:74458007	74458007	A	G
5:74458220	74458220	C	T
5:74458243	74458243	C	A
5:74458386	74458386	G	T
5:74458527	74458527	A	G
5:74458915	74458915	C	T
5:74458958	74458958	T	G
5:74459220	74459220	A	G
5:74459419	74459419	T	A
5:74459571	74459571	T	C
5:74460045	74460045	A	G
5:74460268	74460268	C	T
5:74460373	74460373	G	A
5:74460730	74460730	T	C
5:74461675	74461675	C	T
5:74461818	74461818	A	G
5:74461850	74461850	T	G
5:74461924	74461924	C	A
5:74461933	74461933	T	C
5:74462325	74462325	G	C
5:74463185	74463185	T	G
5:74463442	74463442	A	T
5:74463464	74463464	C	G
5:74464415	74464415	T	C
5:74464864	74464864	A	G
5:74465896	74465896	A	G
5:74466737	74466737	C	T
5:74466833	74466833	A	G
5:74466884	74466884	A	C
5:74466925	74466925	C	G
5:74467419	74467419	A	C
5:74467493	74467493	A	G
5:74468471	74468471	T	G
5:74469056	74469056	C	T
5:74469074	74469074	C	T
5:74469107	74469107	T	C
5:74469181	74469181	C	G
5:74469312	74469312	G	C
5:74469441	74469441	T	C
5:74469531	74469531	T	C
5:74469537	74469537	A	G
5:74469597	74469597	G	A
5:74469820	74469820	T	G
5:74469853	74469853	G	A
5:74470350	74470350	G	A
5:74470598	74470598	T	C
5:74470745	74470745	A	G
5:74470763	74470763	T	A
5:74470810	74470810	C	T
5:74471026	74471026	G	A
5:74471048	74471048	C	G
5:74471154	74471154	A	C
5:74471677	74471677	A	G
5:74471690	74471690	G	A
5:74471735	74471735	A	G
5:74471772	74471772	C	G
5:74471878	74471878	A	C
5:74472225	74472225	T	C
5:74472229	74472229	G	C
5:74472237	74472237	T	C
5:74472928	74472928	C	T
5:74472939	74472939	G	A
5:74473352	74473352	T	C
5:74473792	74473792	G	A
5:74474745	74474745	G	C
5:74475440	74475440	C	G
5:74475738	74475738	C	T
5:74475818	74475818	C	T
5:74475956	74475956	A	C
5:74475966	74475966	A	C
5:74476211	74476211	T	G
5:74476373	74476373	G	A
5:74476396	74476396	G	A
5:74476508	74476508	G	A
5:74476849	74476849	A	C
5:74477236	74477236	T	C
5:74477413	74477413	C	T
5:74477453	74477453	G	A
5:74477713	74477713	T	C
5:74477850	74477850	G	A
5:74478078	74478078	A	G
5:74478845	74478845	G	A
5:74479005	74479005	C	A
5:74479077	74479077	T	C
5:74479238	74479238	T	C
5:74479545	74479545	C	T
5:74479779	74479779	C	A
5:74479846	74479846	G	A
5:74479999	74479999	G	A
5:74480288	74480288	T	C
5:74480778	74480778	C	T
5:74481800	74481800	G	A
5:74481837	74481837	T	C
5:74481906	74481906	G	A
5:74482080	74482080	A	G
5:74482183	74482183	C	T
5:74482675	74482675	A	T
5:74484275	74484275	C	T
5:74485606	74485606	T	C
5:74486432	74486432	A	G
5:74486778	74486778	T	G
5:74487375	74487375	A	C
5:74487714	74487714	G	A
5:74488308	74488308	G	A
5:74488590	74488590	G	A
5:74489855	74489855	C	G
5:74489998	74489998	G	A
5:74490547	74490547	T	C
5:74490658	74490658	T	C
5:74491492	74491492	C	T
5:74491956	74491956	T	C
5:74492811	74492811	T	C
5:74492978	74492978	C	T
5:74493005	74493005	G	T
5:74493164	74493164	C	T
5:74494611	74494611	G	C
5:74495037	74495037	G	C
5:74496385	74496385	A	G
5:74496482	74496482	A	T
5:74496829	74496829	G	A
5:74496977	74496977	A	G
5:74497084	74497084	G	A
5:74497553	74497553	A	G
5:74497558	74497558	C	T
5:74497636	74497636	T	C
5:74497842	74497842	A	C
5:74497885	74497885	T	C
5:74497984	74497984	T	C
5:74498015	74498015	C	T
5:74498164	74498164	C	A
5:74498715	74498715	C	T
5:74499419	74499419	T	C
5:74499445	74499445	G	T
5:74499503	74499503	G	A
5:74499508	74499508	G	A
5:74499631	74499631	A	G
5:74500755	74500755	G	A
5:74501976	74501976	G	C
5:74502516	74502516	C	T
5:74502573	74502573	G	A
5:74502721	74502721	A	G
5:74502797	74502797	G	A
5:74503199	74503199	T	G
5:74503704	74503704	A	C
5:74504152	74504152	G	A
5:74504783	74504783	A	G
5:74505415	74505415	T	C
5:74505495	74505495	A	C
5:74506220	74506220	A	G
5:74506407	74506407	C	T
5:74506658	74506658	C	T
5:74506773	74506773	T	C
5:74506977	74506977	C	T
5:74507007	74507007	C	A
5:74507299	74507299	G	A
5:74507390	74507390	C	A
5:74508021	74508021	T	A
5:74508412	74508412	G	T
5:74508904	74508904	C	A
5:74509716	74509716	G	A
5:74509847	74509847	A	T
5:74510023	74510023	C	T
5:74510341	74510341	C	T
5:74510353	74510353	G	T
5:74510517	74510517	T	G
5:74510993	74510993	C	G
5:74511018	74511018	C	T
5:74512987	74512987	A	G
5:74513332	74513332	G	T
5:74514046	74514046	G	C
5:74514283	74514283	C	T
5:74514828	74514828	T	C
5:74515209	74515209	A	G
5:74517954	74517954	A	G
5:74518492	74518492	G	A
5:74518875	74518875	A	T
5:74519049	74519049	G	A
5:74519682	74519682	G	C
5:74519725	74519725	C	T
5:74520003	74520003	T	C
5:74520275	74520275	T	A
5:74520751	74520751	A	C
5:74520917	74520917	C	T
5:74521249	74521249	C	T
5:74521399	74521399	T	C
5:74523134	74523134	A	T
5:74523352	74523352	T	C
5:74523555	74523555	C	T
5:74524837	74524837	A	G
5:74524891	74524891	T	A
5:74525165	74525165	G	A
5:74525942	74525942	C	T
5:74526682	74526682	T	A
5:74526796	74526796	G	A
5:74526916	74526916	T	C
5:74527134	74527134	A	G
5:74527472	74527472	C	T
5:74527639	74527639	G	A
5:74528178	74528178	G	A
5:74528222	74528222	G	A
5:74528776	74528776	G	A
5:74528858	74528858	G	T
5:74528891	74528891	C	T
5:74529053	74529053	A	C
5:74529111	74529111	C	T
5:74530658	74530658	G	T
5:74531150	74531150	A	T
5:74531573	74531573	G	A
5:74532061	74532061	C	T
5:74532691	74532691	G	T
5:74532723	74532723	C	T
5:74532766	74532766	G	A
5:74532782	74532782	C	G
5:74533095	74533095	A	T
5:74533730	74533730	C	T
5:74533902	74533902	G	A
5:74534122	74534122	C	T
5:74534309	74534309	A	G
5:74534372	74534372	A	G
5:74534710	74534710	T	C
5:74535100	74535100	A	G
5:74535481	74535481	G	A
5:74536209	74536209	A	G
5:74536655	74536655	G	A
5:74536723	74536723	C	A
5:74536893	74536893	A	G
5:74536921	74536921	G	A
5:74537260	74537260	T	C
5:74537301	74537301	G	A
5:74537471	74537471	A	G
5:74537513	74537513	G	A
5:74537548	74537548	T	A
5:74537606	74537606	A	G
5:74537751	74537751	C	T
5:74537870	74537870	C	T
5:74538206	74538206	C	T
5:74538214	74538214	T	C
5:74538259	74538259	A	G
5:74538485	74538485	A	G
5:74539643	74539643	T	C
5:74539992	74539992	G	A
5:74540187	74540187	G	A
5:74540397	74540397	A	G
5:74540611	74540611	T	C
5:74541925	74541925	A	G
5:74542620	74542620	C	T
5:74542994	74542994	C	T
5:74543036	74543036	G	A
5:74543631	74543631	A	C
5:74543861	74543861	C	T
5:74544921	74544921	G	A
5:74545300	74545300	G	T
5:74545346	74545346	A	G
5:74545548	74545548	A	T
5:74545636	74545636	A	G
5:74545798	74545798	A	G
5:74545902	74545902	G	A
5:74545927	74545927	A	G
5:74546456	74546456	C	A
5:74546678	74546678	T	A
5:74546733	74546733	C	T
5:74546947	74546947	A	G
5:74546987	74546987	T	A
5:74547291	74547291	A	G
5:74547383	74547383	C	A
5:74547484	74547484	A	C
5:74547516	74547516	C	G
5:74547517	74547517	G	A
5:74547524	74547524	A	G
5:74547932	74547932	T	A
5:74547962	74547962	C	A
5:74548064	74548064	C	T
5:74548172	74548172	C	G
5:74548458	74548458	T	G
5:74548756	74548756	A	C
5:74548921	74548921	T	C
5:74549521	74549521	C	G
5:74550216	74550216	C	G
5:74550696	74550696	T	A
5:74550996	74550996	G	T
5:74551212	74551212	T	C
5:74551435	74551435	T	C
5:74551782	74551782	C	T
5:74551828	74551828	A	G
5:74551930	74551930	G	A
5:74551962	74551962	T	C
5:74552791	74552791	A	G
5:74552839	74552839	T	C
5:74553164	74553164	G	T
5:74553482	74553482	A	G
5:74553613	74553613	C	A
5:74553617	74553617	C	T
5:74554068	74554068	G	T
5:74554222	74554222	C	A
5:74554890	74554890	T	C
5:74555158	74555158	T	G
5:74555253	74555253	T	C
5:74557214	74557214	G	A
5:74558296	74558296	A	T
5:74558577	74558577	A	G
5:74558893	74558893	A	G
5:74558989	74558989	C	T
5:74559534	74559534	A	G
5:74560292	74560292	G	A
5:74560349	74560349	T	C
5:74560487	74560487	C	T
5:74560542	74560542	A	G
5:74560579	74560579	G	A
5:74560652	74560652	T	C
5:74561234	74561234	G	A
5:74561324	74561324	G	A
5:74562029	74562029	C	G
5:74562338	74562338	T	C
5:74562373	74562373	G	A
5:74562564	74562564	T	C
5:74563646	74563646	G	A
5:74563700	74563700	G	A
5:74563780	74563780	G	A
5:74564190	74564190	A	G
5:74564351	74564351	C	T
5:74564490	74564490	G	A
5:74564563	74564563	C	T
5:74564571	74564571	T	C
5:74565009	74565009	G	T
5:74565153	74565153	C	T
5:74565807	74565807	C	A
5:74565894	74565894	A	G
5:74566173	74566173	T	C
5:74566202	74566202	C	T
5:74566385	74566385	C	T
5:74566428	74566428	C	G
5:74566577	74566577	A	G
5:74566609	74566609	G	A
5:74566630	74566630	G	A
5:74566657	74566657	T	C
5:74566992	74566992	G	A
5:74567154	74567154	G	A
5:74567357	74567357	T	G
5:74567359	74567359	G	A
5:74567378	74567378	C	T
5:74567845	74567845	C	A
5:74568134	74568134	G	A
5:74568221	74568221	T	G
5:74568235	74568235	G	A
5:74569028	74569028	T	C
5:74569323	74569323	T	C
5:74569357	74569357	C	T
5:74569432	74569432	A	C
5:74569600	74569600	T	G
5:74569834	74569834	G	T
5:74569856	74569856	G	T
5:74569973	74569973	A	G
5:74570377	74570377	A	G
5:74570531	74570531	G	A
5:74570646	74570646	C	T
5:74570651	74570651	T	C
5:74570999	74570999	G	C
5:74571577	74571577	A	C
5:74571914	74571914	G	A
5:74572367	74572367	T	C
5:74573440	74573440	A	C
5:74574324	74574324	A	C
5:74574984	74574984	A	G
5:74575801	74575801	A	G
5:74576285	74576285	G	A
5:74576298	74576298	G	T
5:74576892	74576892	C	T
5:74577228	74577228	G	A
5:74577480	74577480	A	T
5:74577566	74577566	C	G
5:74577701	74577701	A	C
5:74578062	74578062	T	C
5:74578124	74578124	A	T
5:74578784	74578784	T	C
5:74579414	74579414	T	C
5:74580876	74580876	A	G
5:74580881	74580881	C	T
5:74581347	74581347	A	C
5:74581395	74581395	A	G
5:74582162	74582162	G	A
5:74582374	74582374	A	G
5:74582408	74582408	C	A
5:74582477	74582477	T	G
5:74582519	74582519	T	C
5:74582877	74582877	T	C
5:74582884	74582884	A	G
5:74582890	74582890	C	T
5:74583218	74583218	T	C
5:74583685	74583685	G	A
5:74583756	74583756	G	T
5:74583832	74583832	C	G
5:74583943	74583943	C	T
5:74583987	74583987	G	A
5:74584032	74584032	T	C
5:74584059	74584059	C	A
5:74584725	74584725	C	T
5:74585166	74585166	A	G
5:74585776	74585776	T	C
5:74587090	74587090	A	T
5:74587252	74587252	T	C
5:74587925	74587925	A	C
5:74587940	74587940	C	A
5:74588058	74588058	C	T
5:74588118	74588118	C	G
5:74588854	74588854	C	T
5:74588898	74588898	T	A
5:74589385	74589385	C	T
5:74589708	74589708	C	T
5:74589996	74589996	G	A
5:74590591	74590591	G	A
5:74590598	74590598	C	T
5:74590624	74590624	T	C
5:74590665	74590665	C	T
5:74591773	74591773	G	A
5:74591918	74591918	T	G
5:74592089	74592089	C	T
5:74592536	74592536	T	A
5:74592893	74592893	A	C
5:74593122	74593122	A	T
5:74593123	74593123	A	T
5:74595090	74595090	C	G
5:74595194	74595194	A	C
5:74595851	74595851	A	G
5:74596637	74596637	G	A
5:74596682	74596682	T	G
5:74596977	74596977	T	C
5:74597176	74597176	A	G
5:74597689	74597689	C	G
5:74598253	74598253	C	T
5:74598323	74598323	A	G
5:74598434	74598434	C	T
5:74598744	74598744	G	A
5:74598752	74598752	C	G
5:74598846	74598846	T	G
5:74599093	74599093	C	T
5:74599438	74599438	T	C
5:74599457	74599457	A	G
5:74600934	74600934	C	A
5:74601053	74601053	G	A
5:74601595	74601595	T	C
5:74602699	74602699	C	A
5:74602898	74602898	T	C
5:74602979	74602979	C	T
5:74603272	74603272	C	G
5:74603479	74603479	G	A
5:74603716	74603716	C	T
5:74603832	74603832	T	G
5:74603955	74603955	C	T
5:74604075	74604075	G	A
5:74604166	74604166	T	C
5:74604249	74604249	G	A
5:74604318	74604318	C	T
5:74604742	74604742	G	A
5:74605214	74605214	C	T
5:74605220	74605220	G	A
5:74605502	74605502	A	T
5:74606173	74606173	T	A
5:74606638	74606638	G	C
5:74606860	74606860	T	C
5:74607167	74607167	A	G
5:74607345	74607345	C	T
5:74608014	74608014	A	G
5:74608319	74608319	C	T
5:74608341	74608341	T	C
5:74608501	74608501	A	G
5:74608732	74608732	C	T
5:74608945	74608945	C	T
5:74609027	74609027	T	C
5:74609294	74609294	T	G
5:74609455	74609455	C	T
5:74609628	74609628	C	T
5:74610050	74610050	C	T
5:74610053	74610053	C	T
5:74610293	74610293	A	C
5:74610552	74610552	T	C
5:74610586	74610586	T	C
5:74611118	74611118	G	A
5:74611135	74611135	C	T
5:74611230	74611230	G	T
5:74611233	74611233	G	T
5:74611524	74611524	T	C
5:74611574	74611574	G	T
5:74612716	74612716	A	T
5:74612881	74612881	A	G
5:74612893	74612893	G	A
5:74613239	74613239	C	T
5:74613599	74613599	T	G
5:74613730	74613730	G	A
5:74613740	74613740	T	A
5:74613906	74613906	G	C
5:74613910	74613910	G	C
5:74613914	74613914	G	C
5:74613918	74613918	C	G
5:74613943	74613943	C	T
5:74614142	74614142	C	T
5:74614230	74614230	T	A
5:74614286	74614286	T	C
5:74614467	74614467	G	T
5:74614520	74614520	C	T
5:74615021	74615021	C	T
5:74615209	74615209	G	C
5:74616843	74616843	T	C
5:74617046	74617046	T	C
5:74617262	74617262	G	A
5:74617670	74617670	C	T
5:74617712	74617712	G	C
5:74617811	74617811	A	G
5:74617945	74617945	G	A
5:74618035	74618035	G	A
5:74618186	74618186	G	A
5:74618455	74618455	C	T
5:74618581	74618581	G	T
5:74619132	74619132	C	T
5:74619639	74619639	C	T
5:74619745	74619745	T	C
5:74619805	74619805	A	G
5:74620225	74620225	C	T
5:74620377	74620377	T	C
5:74620912	74620912	C	T
5:74621633	74621633	G	A
5:74621671	74621671	A	G
5:74622241	74622241	G	A
5:74622721	74622721	A	G
5:74623742	74623742	A	C
5:74623949	74623949	G	A
5:74623989	74623989	G	T
5:74624234	74624234	G	A
5:74624482	74624482	T	C
5:74624484	74624484	C	T
5:74624949	74624949	G	C
5:74625487	74625487	C	A
5:74625512	74625512	G	A
5:74626082	74626082	T	C
5:74626548	74626548	C	T
5:74626669	74626669	A	T
5:74627039	74627039	G	C
5:74628375	74628375	A	T
5:74628706	74628706	A	T
5:74628775	74628775	T	C
5:74629532	74629532	G	C
5:74629751	74629751	G	A
5:74630189	74630189	C	T
5:74630277	74630277	G	T
5:74630619	74630619	C	T
5:74630829	74630829	G	A
5:74630929	74630929	C	T
5:74631071	74631071	G	T
5:74631096	74631096	A	C
5:74631139	74631139	C	T
5:74631262	74631262	A	G
5:74631501	74631501	C	T
5:74632133	74632133	C	A
5:74632193	74632193	G	C
5:74632793	74632793	C	G
5:74633014	74633014	T	C
5:74633264	74633264	G	A
5:74634473	74634473	A	G
5:74635225	74635225	G	C
5:74636484	74636484	C	A
5:74637213	74637213	T	C
5:74637711	74637711	A	T
5:74639178	74639178	A	G
5:74639259	74639259	T	G
5:74640490	74640490	C	T
5:74640625	74640625	G	A
5:74640826	74640826	G	C
5:74641560	74641560	G	A
5:74641707	74641707	G	A
5:74642848	74642848	A	T
5:74642855	74642855	A	T
5:74643670	74643670	T	C
5:74644681	74644681	G	T
5:74644706	74644706	T	G
5:74645272	74645272	A	G
5:74646255	74646255	T	A
5:74646878	74646878	C	T
5:74648496	74648496	G	T
5:74648603	74648603	A	T
5:74649285	74649285	C	T
5:74649498	74649498	C	T
5:74650106	74650106	C	T
5:74651084	74651084	A	G
5:74651864	74651864	G	A
5:74651909	74651909	G	A
5:74652059	74652059	C	T
5:74652199	74652199	A	G
5:74652762	74652762	G	A
5:74653462	74653462	T	G
5:74654779	74654779	A	T
5:74655451	74655451	C	T
5:74655498	74655498	T	G
5:74655726	74655726	C	T
5:74656175	74656175	G	A
5:74656539	74656539	T	C
5:74657280	74657280	T	C
5:74658176	74658176	G	T
5:74658304	74658304	A	G
5:74659099	74659099	A	G
5:74659587	74659587	C	T
5:74660356	74660356	T	C
5:74660429	74660429	G	A
5:74660755	74660755	C	G
5:74662449	74662449	C	G
5:74662852	74662852	A	G
5:74663223	74663223	T	C
5:74664633	74664633	G	C
5:74664987	74664987	C	A
5:74665676	74665676	T	C
5:74665860	74665860	G	C
5:74666492	74666492	C	T
5:74668589	74668589	C	T
5:74669685	74669685	G	C
5:74670429	74670429	G	A
5:74670454	74670454	C	T
5:74673317	74673317	T	A
5:74673707	74673707	A	G
5:74674014	74674014	G	A
5:74674924	74674924	T	C
5:74674975	74674975	T	C
5:74675076	74675076	T	C
5:74675717	74675717	T	G
5:74675951	74675951	T	G
5:74676283	74676283	T	A
5:74676730	74676730	T	A
5:74676823	74676823	T	G
5:74677170	74677170	C	G
5:74677365	74677365	A	T
5:74678485	74678485	G	T
5:74678937	74678937	G	A
5:74681500	74681500	C	A
5:74681773	74681773	T	C
5:74682474	74682474	T	C
5:74682600	74682600	A	T
5:74682611	74682611	C	T
5:74682732	74682732	G	C
5:74682813	74682813	T	C
5:74682900	74682900	G	A
5:74682904	74682904	A	G
5:74683306	74683306	C	T
5:74683455	74683455	T	C
5:74683646	74683646	T	C
5:74684661	74684661	G	C
5:74684711	74684711	A	G
5:74685520	74685520	A	G
5:74686840	74686840	C	G
5:74686931	74686931	A	C
5:74687252	74687252	C	T
5:74687589	74687589	T	C
5:74688267	74688267	A	T
5:74688565	74688565	C	T
5:74688688	74688688	A	G
5:74688776	74688776	C	G
5:74688891	74688891	C	T
5:74689045	74689045	C	T
5:74689249	74689249	T	C
5:74690030	74690030	G	C
5:74690076	74690076	T	C
5:74690304	74690304	A	T
5:74691784	74691784	G	T
5:74692177	74692177	T	A
5:74692776	74692776	A	G
5:74692810	74692810	T	C
5:74693546	74693546	T	G
5:74695939	74695939	G	C
5:74696638	74696638	C	G
5:74696779	74696779	G	A
5:74697050	74697050	T	G
5:74698678	74698678	A	G
5:74699420	74699420	T	C
5:74700095	74700095	A	G
5:74700098	74700098	C	T
5:74700797	74700797	C	T
5:74701132	74701132	T	C
5:74701463	74701463	T	C
5:74701662	74701662	C	G
5:74701766	74701766	T	C
5:74702893	74702893	A	C
5:74703186	74703186	C	T
5:74703315	74703315	A	T
5:74703341	74703341	G	A
5:74703989	74703989	C	A
5:74704624	74704624	G	A
5:74704701	74704701	G	C
5:74704829	74704829	T	C
5:74705636	74705636	A	G
5:74705680	74705680	C	G
5:74705970	74705970	C	T
5:74705972	74705972	T	C
5:74706230	74706230	C	T
5:74706661	74706661	T	C
5:74707762	74707762	G	A
5:74708513	74708513	G	C
5:74708629	74708629	G	C
5:74709094	74709094	T	A
5:74709334	74709334	T	C
5:74710550	74710550	G	A
5:74713412	74713412	T	G
5:74713633	74713633	T	C
5:74714404	74714404	C	T
5:74714784	74714784	G	A
5:74716003	74716003	T	C
5:74717653	74717653	C	T
5:74717761	74717761	C	T
5:74717767	74717767	G	A
5:74717811	74717811	T	A
5:74719210	74719210	A	G
5:74720833	74720833	C	A
5:74721903	74721903	T	A
5:74724185	74724185	G	A
5:74724227	74724227	G	T
5:74724319	74724319	C	T
5:74724370	74724370	G	C
5:74724376	74724376	G	A
5:74724427	74724427	T	C
5:74724640	74724640	A	G
5:74724832	74724832	A	C
5:74725022	74725022	A	T
5:74725216	74725216	G	A
5:74725404	74725404	G	A
5:74725609	74725609	T	C
5:74725787	74725787	A	G
5:74725841	74725841	G	T
5:74725862	74725862	G	A
5:74726176	74726176	T	C
5:74726563	74726563	A	C
5:74726767	74726767	G	A
5:74727883	74727883	T	C
5:74728175	74728175	G	A
5:74729115	74729115	C	T
5:74729221	74729221	G	C
5:74729433	74729433	C	A
5:74730376	74730376	T	A
5:74731732	74731732	A	G
5:74732004	74732004	T	C
5:74732011	74732011	C	G
5:74732023	74732023	A	G
5:74732445	74732445	C	T
5:74732937	74732937	T	A
5:74734312	74734312	C	T
5:74734362	74734362	A	G
5:74735038	74735038	A	G
5:74736065	74736065	A	C
5:74739156	74739156	G	A
5:74739302	74739302	A	C
5:74740756	74740756	C	T
5:74740950	74740950	C	T
5:74741871	74741871	T	C
5:74743534	74743534	C	T
5:74744721	74744721	T	G
5:74744889	74744889	C	T
5:74745228	74745228	G	T
5:74746880	74746880	G	A
5:74747202	74747202	T	C
5:74748180	74748180	G	T
5:74748474	74748474	T	C
5:74748505	74748505	C	T
5:74749147	74749147	C	T
5:74749639	74749639	G	C
5:74749969	74749969	T	C
5:74753282	74753282	T	C
5:74753634	74753634	A	G
5:74753736	74753736	T	C
5:74753738	74753738	T	C
5:74753981	74753981	T	C
5:74754355	74754355	A	T
5:74755714	74755714	G	A
5:74755772	74755772	G	A
5:74756118	74756118	T	C
5:74756221	74756221	A	G
5:74757286	74757286	G	A
5:74757556	74757556	G	A
5:74757657	74757657	A	C
5:74757758	74757758	T	C
5:74759183	74759183	T	A
5:74762280	74762280	C	A
5:74762578	74762578	A	T
5:74762898	74762898	C	T
5:74764347	74764347	T	C
5:74764373	74764373	C	T
5:74764393	74764393	G	A
5:74765294	74765294	T	C
5:74766353	74766353	G	T
5:74766398	74766398	T	C
5:74766591	74766591	T	C
5:74768347	74768347	C	A
5:74768822	74768822	T	C
5:74769254	74769254	T	A
5:74769337	74769337	C	A
5:74769631	74769631	A	G
5:74769837	74769837	C	T
5:74770972	74770972	G	A
5:74771387	74771387	G	A
5:74771415	74771415	A	T
5:74771499	74771499	G	A
5:74773036	74773036	G	A
5:74773308	74773308	A	G
5:74773420	74773420	T	C
5:74773470	74773470	T	G
5:74774005	74774005	G	A
5:74774065	74774065	T	G
5:74775989	74775989	T	G
5:74776503	74776503	T	C
5:74777631	74777631	C	T
5:74778480	74778480	T	C
5:74778669	74778669	C	T
5:74778819	74778819	T	C
5:74779202	74779202	G	C
5:74780160	74780160	A	G
5:74780338	74780338	G	A
5:74781439	74781439	G	C
5:74781754	74781754	G	A
5:74781777	74781777	A	G
5:74782125	74782125	C	T
5:74782411	74782411	T	G
5:74782412	74782412	T	A
5:74782639	74782639	C	A
5:74783231	74783231	A	C
5:74783490	74783490	A	C
5:74783636	74783636	C	T
5:74783711	74783711	C	T
5:74784744	74784744	T	C
5:74784896	74784896	G	A
5:74785560	74785560	A	G
5:74786083	74786083	G	A
5:74786332	74786332	A	T
5:74786758	74786758	T	G
5:74786909	74786909	T	C
5:74787310	74787310	T	C
5:74787620	74787620	G	A
5:74788403	74788403	T	C
5:74791319	74791319	G	A
5:74792657	74792657	G	T
5:74793005	74793005	C	T
5:74793511	74793511	T	C
5:74793769	74793769	T	C
5:74793887	74793887	T	C
5:74795152	74795152	T	C
5:74795246	74795246	T	C
5:74795681	74795681	C	T
5:74796288	74796288	G	A
5:74796757	74796757	G	A
5:74797153	74797153	C	T
5:74797274	74797274	G	A
5:74797907	74797907	A	C
5:74798065	74798065	A	G
5:74798156	74798156	G	A
5:74798658	74798658	A	T
5:74799696	74799696	T	A
5:74799697	74799697	T	A
5:74799698	74799698	T	A
5:74801264	74801264	T	A
5:74801270	74801270	G	A
5:74803615	74803615	C	T
5:74806104	74806104	C	T
5:74808237	74808237	G	T
5:74808331	74808331	G	A
5:74808417	74808417	G	A
5:74808880	74808880	C	T
5:74809045	74809045	C	T
5:74809776	74809776	T	A
5:74809795	74809795	C	T
5:74810273	74810273	A	T
5:74810384	74810384	G	A
5:74811497	74811497	G	A
5:74813193	74813193	C	G
5:74813869	74813869	T	G
5:74813944	74813944	C	A
5:74814772	74814772	T	C
5:74815226	74815226	A	G
5:74816000	74816000	A	C
5:74816185	74816185	A	G
5:74816968	74816968	T	C
5:74817236	74817236	G	A
5:74817394	74817394	A	G
5:74819598	74819598	C	T
5:74821036	74821036	T	A
5:74822019	74822019	A	C
5:74822507	74822507	A	G
5:74823132	74823132	G	A
5:74823329	74823329	C	T
5:74823503	74823503	A	C
5:74823772	74823772	C	G
5:74824773	74824773	A	G
5:74824832	74824832	A	G
5:74826735	74826735	G	A
5:74827546	74827546	G	A
5:74827776	74827776	C	T
5:74828850	74828850	G	A
5:74829291	74829291	G	A
5:74829352	74829352	A	C
5:74829704	74829704	C	T
5:74829947	74829947	T	C
5:74830035	74830035	G	A
5:74830808	74830808	G	A
5:74831248	74831248	G	A
5:74831732	74831732	G	A
5:74831821	74831821	C	T
5:74832919	74832919	C	T
5:74833774	74833774	C	T
5:74834348	74834348	T	C
5:74834546	74834546	A	T
5:74834595	74834595	T	A
5:74834657	74834657	G	A
5:74835023	74835023	G	A
5:74835891	74835891	G	C
5:74836721	74836721	T	G
5:74836888	74836888	T	C
5:74836937	74836937	C	T
5:74837153	74837153	C	G
5:74837541	74837541	A	G
5:74837659	74837659	A	G
5:74837802	74837802	A	C
5:74837901	74837901	A	G
5:74838562	74838562	G	T
5:74838889	74838889	G	A
5:74839027	74839027	C	A
5:74840461	74840461	T	C
5:74840745	74840745	A	G
5:74841658	74841658	A	G
5:74842086	74842086	T	C
5:74843947	74843947	G	A
5:74844362	74844362	G	A
5:74845235	74845235	A	T
5:74846247	74846247	T	C
5:74846249	74846249	C	A
5:74846297	74846297	A	G
5:74846613	74846613	G	A
5:74847416	74847416	A	G
5:74849469	74849469	A	G
5:74849541	74849541	T	A
5:74849695	74849695	C	T
5:74849697	74849697	G	T
5:74850282	74850282	A	T
5:74850363	74850363	T	C
5:74850806	74850806	A	C
5:74852248	74852248	G	A
5:74853411	74853411	G	C
5:74853623	74853623	T	C
5:74854567	74854567	C	T
5:74855426	74855426	A	G
5:74855917	74855917	A	G
5:74856142	74856142	C	T
5:74856425	74856425	C	T
5:74857246	74857246	G	C
5:74858031	74858031	C	A
5:74858060	74858060	T	G
5:74858064	74858064	T	G
5:74858286	74858286	G	A
5:74858397	74858397	A	C
5:74858634	74858634	C	T
5:74859434	74859434	T	C
5:74859571	74859571	C	T
5:74860908	74860908	T	A
5:74861029	74861029	T	G
5:74861691	74861691	T	G
5:74862136	74862136	G	A
5:74862342	74862342	G	A
5:74863041	74863041	T	C
5:74865049	74865049	A	G
5:74865587	74865587	G	A
5:74867581	74867581	T	G
5:74868297	74868297	A	C
5:74868562	74868562	C	T
5:74868686	74868686	C	G
5:74871269	74871269	G	A
5:74871588	74871588	T	C
5:74873037	74873037	A	G
5:74873812	74873812	T	G
5:74874015	74874015	G	C
5:74874990	74874990	C	T
5:74875386	74875386	T	C
5:74875642	74875642	T	C
5:74876613	74876613	T	C
5:74877266	74877266	C	T
5:74877803	74877803	T	C
5:74878730	74878730	C	T
5:74879890	74879890	G	A
5:74880350	74880350	G	A
5:74882681	74882681	C	T
5:74883486	74883486	C	T
5:74886384	74886384	G	A
5:74887614	74887614	T	C
5:74889532	74889532	C	G
5:74889642	74889642	T	C
5:74890404	74890404	G	A
5:74890618	74890618	A	G
5:74891002	74891002	G	A
5:74892002	74892002	T	C
5:74894333	74894333	G	C
5:74894818	74894818	G	A
5:74894835	74894835	A	G
5:74895474	74895474	G	C
5:74896798	74896798	G	A
5:74896851	74896851	T	G
5:74897367	74897367	A	G
5:74897410	74897410	A	G
5:74898137	74898137	A	G
5:74898271	74898271	A	G
5:74898493	74898493	G	A
5:74898556	74898556	A	G
5:74898606	74898606	C	T
5:74898752	74898752	T	C
5:74898866	74898866	C	G
5:74902324	74902324	G	A
5:74902716	74902716	T	C
5:74902841	74902841	A	G
5:74902848	74902848	C	G
5:74903154	74903154	G	A
5:74903894	74903894	A	T
5:74904326	74904326	A	C
5:74905046	74905046	C	T
5:74906779	74906779	T	C
5:74906963	74906963	A	C
5:74907260	74907260	G	A
5:74907334	74907334	C	T
5:74907412	74907412	G	T
5:74907469	74907469	G	A
5:74907503	74907503	G	A
5:74908446	74908446	G	C
5:74909972	74909972	C	T
5:74910590	74910590	A	G
5:74910870	74910870	A	G
5:74913796	74913796	G	A
5:74913912	74913912	C	T
5:74914061	74914061	G	A
5:74914093	74914093	G	A
5:74914351	74914351	G	A
5:74914516	74914516	T	A
5:74915983	74915983	C	T
5:74916682	74916682	C	T
5:74916733	74916733	T	G
5:74916818	74916818	A	G
5:74916872	74916872	G	A
5:74916972	74916972	G	A
5:74917862	74917862	A	G
5:74918856	74918856	G	T
5:74918905	74918905	G	T
5:74919013	74919013	T	C
5:74919409	74919409	G	A
5:74921245	74921245	T	C
5:74921686	74921686	G	A
5:74921883	74921883	C	T
5:74921896	74921896	G	A
5:74922616	74922616	T	G
5:74922978	74922978	A	G
5:74923193	74923193	T	C
5:74923201	74923201	C	T
5:74923321	74923321	G	A
5:74923581	74923581	C	T
5:74923590	74923590	A	G
5:74923603	74923603	G	C
5:74923932	74923932	C	T
5:74923956	74923956	G	A
5:74924447	74924447	A	C
5:74924890	74924890	A	G
5:74925162	74925162	C	T
5:74926149	74926149	A	G
5:74926246	74926246	C	T
5:74926778	74926778	A	G
5:74927685	74927685	C	T
5:74928069	74928069	C	G
5:74928293	74928293	A	T
5:74928541	74928541	C	T
5:74928675	74928675	G	A
5:74928883	74928883	G	T
5:74928902	74928902	T	G
5:74929192	74929192	A	T
5:74929312	74929312	G	A
5:74929647	74929647	G	A
5:74931186	74931186	T	A
5:74931333	74931333	G	T
5:74931497	74931497	C	T
5:74932072	74932072	T	C
5:74932099	74932099	G	T
5:74932752	74932752	T	C
5:74933606	74933606	A	G
5:74933687	74933687	C	T
5:74933812	74933812	G	C
5:74934009	74934009	A	T
5:74934213	74934213	T	G
5:74934272	74934272	T	C
5:74934341	74934341	A	T
5:74934363	74934363	A	G
5:74934450	74934450	A	G
5:74934659	74934659	T	G
5:74935069	74935069	G	T
5:74935825	74935825	A	G
5:74935899	74935899	C	T
5:74936003	74936003	G	A
5:74936029	74936029	C	T
5:74937139	74937139	A	G
5:74937238	74937238	A	G
5:74937724	74937724	G	A
5:74937913	74937913	T	G
5:74938078	74938078	C	A
5:74938095	74938095	C	A
5:74938310	74938310	C	T
5:74938311	74938311	G	A
5:74938432	74938432	A	G
5:74938888	74938888	C	A
5:74942016	74942016	A	C
5:74944001	74944001	G	A
5:74944020	74944020	A	G
5:74944372	74944372	T	G
5:74944551	74944551	C	G
5:74944837	74944837	C	T
5:74944868	74944868	A	G
5:74944874	74944874	G	A
5:74944940	74944940	A	G
5:74945108	74945108	G	C
5:74945376	74945376	G	A
5:74945545	74945545	T	G
5:74945641	74945641	C	T
5:74945961	74945961	G	C
5:74946024	74946024	G	T
5:74946250	74946250	A	G
5:74946455	74946455	G	A
5:74946518	74946518	G	A
5:74946877	74946877	A	C
5:74947435	74947435	T	G
5:74947687	74947687	G	A
5:74948538	74948538	G	A
5:74948945	74948945	C	T
5:74949530	74949530	T	C
5:74949600	74949600	A	T
5:74950372	74950372	G	A
5:74950420	74950420	G	A
5:74950582	74950582	C	G
