rsid	chr	pos	A1	A2	beta	se	z	N	pval
rs16872349	chr5	74152437	c	t	0.0048	0.0085	0.5647	83855.0	0.8086
rs6885093	chr5	74153012	t	c	0.0036	0.0065	0.5538	89888.0	0.4184
rs16872352	chr5	74153619	g	a	0.0195	0.0216	0.9028	74534.0	0.4919
rs17671140	chr5	74154745	a	c	0.0027	0.0094	0.2872	89888.0	0.6802
rs2061162	chr5	74155818	g	a	0.0005	0.0068	0.0735	89888.0	0.6956
rs6861935	chr5	74155991	c	t	0.0043	0.0086	0.5000	83855.0	0.8917
rs7708203	chr5	74156894	t	g	0.0021	0.0066	0.3182	89888.0	0.5738
rs1993370	chr5	74159137	c	t	0.0003	0.007	0.0429	86930.0	0.739
rs16872362	chr5	74159157	c	t	0.004	0.0086	0.4651	86806.0	0.9347
rs1531103	chr5	74159951	t	c	0.0086	0.01	0.8600	89888.0	0.3042
rs17738674	chr5	74160654	g	a	0.0093	0.01	0.9300	89888.0	0.2626
rs6453087	chr5	74163159	t	c	0.0025	0.0067	0.3731	89888.0	0.5198
rs10062244	chr5	74169045	c	t	0.0017	0.0096	0.1771	89883.0	0.6345
rs11739301	chr5	74172468	a	g	0.0023	0.0079	0.2911	89203.0	0.8611
rs11740809	chr5	74176843	c	t	0.0027	0.008	0.3375	89203.0	0.8289
rs6872607	chr5	74178511	c	t	0.0002	0.0076	0.0263	89888.0	0.716
rs10942722	chr5	74184144	g	t	0.0021	0.0063	0.3333	89888.0	0.9548
rs11740894	chr5	74186073	t	c	0.005	0.0064	0.7812	89888.0	0.5221
rs12519932	chr5	74197953	c	t	0.0055	0.0064	0.8594	86937.0	0.4135
rs11745686	chr5	74198611	g	a	0.0051	0.0064	0.7969	86937.0	0.453
rs11746386	chr5	74198624	c	t	0.0064	0.0065	0.9846	86937.0	0.3463
rs6888163	chr5	74212755	g	a	0.0038	0.0086	0.4419	89869.0	0.515
rs11746561	chr5	74212928	c	t	0.0	0.0085	0.0000	83828.0	0.9638
rs7700681	chr5	74214805	c	a	0.0014	0.0065	0.2154	89888.0	0.9128
rs7722269	chr5	74215304	a	g	0.001	0.0085	0.1176	89888.0	0.6313
rs4518372	chr5	74215938	c	t	0.0009	0.0089	0.1011	89888.0	0.6311
rs11739370	chr5	74220838	c	t	0.0071	0.008	0.8875	75579.0	0.3984
rs6878227	chr5	74222192	t	c	0.0026	0.0068	0.3824	73275.0	0.716
rs6453094	chr5	74227064	t	g	0.0028	0.0098	0.2857	73275.0	0.8688
rs10041175	chr5	74227744	a	g	0.0086	0.0078	1.1026	73275.0	0.2724
rs12655607	chr5	74228550	t	g	0.0097	0.0112	0.8661	72590.0	0.4287
rs9293631	chr5	74230584	c	a	0.0077	0.0075	1.0267	73275.0	0.3225
rs6453096	chr5	74236449	c	t	0.0123	0.0096	1.2813	72590.0	0.2268
rs7728102	chr5	74239376	g	a	0.0063	0.007	0.9000	73275.0	0.376
rs4704159	chr5	74239477	c	t	0.0115	0.0107	1.0748	72585.0	0.2973
rs10069954	chr5	74239784	a	g	0.0111	0.0082	1.3537	72590.0	0.1625
rs9293635	chr5	74239864	a	c	0.0084	0.0074	1.1351	73275.0	0.2448
rs9293636	chr5	74239946	a	g	0.0017	0.0099	0.1717	72825.0	0.9699
rs6453097	chr5	74240544	a	g	0.0078	0.0148	0.5270	54618.62	0.5389
rs4072296	chr5	74242002	c	t	0.0282	0.0038	7.4211	172494.0	7.269e-14
rs3934476	chr5	74242852	g	a	0.0191	0.0053	3.6038	89888.0	5.134e-05
rs4075707	chr5	74242884	g	t	0.0199	0.0061	3.2623	173017.75	0.001237
rs7356745	chr5	74243120	c	a	0.031	0.009	3.4444	89888.0	0.0009714
rs10462509	chr5	74249907	g	t	0.0329	0.0175	1.8800	83236.0	0.03922
rs4413513	chr5	74252708	t	c	0.024	0.0056	4.2857	89888.0	5.189e-06
rs6883719	chr5	74253244	c	t	0.0194	0.0053	3.6604	89888.0	3.825e-05
rs6898812	chr5	74253864	t	g	0.0258	0.0056	4.6071	89888.0	1.68e-06
rs6884528	chr5	74253941	g	a	0.016	0.006	2.6667	89884.0	0.002591
rs10060240	chr5	74254502	c	a	0.0313	0.0092	3.4022	86855.0	0.000687
rs6453099	chr5	74259550	a	g	0.0312	0.0052	6.0000	89836.0	5.66e-09
rs13184992	chr5	74260107	g	t	0.0092	0.007	1.3143	89888.0	0.1022
rs4703642	chr5	74262162	g	a	0.0288	0.0037	7.7838	172510.0	4.792e-15
rs7719121	chr5	74262650	a	g	0.0193	0.0059	3.2712	89888.0	0.001658
rs4392601	chr5	74262980	c	t	0.022	0.0058	3.7931	89888.0	4.098e-05
rs7706365	chr5	74263040	g	a	0.0036	0.0072	0.5000	89888.0	0.4548
rs10069744	chr5	74263455	c	t	0.043	0.0059	7.2881	173027.02	6.832e-12
rs4392602	chr5	74264281	t	c	0.0321	0.0052	6.1731	89888.0	2.609e-10
rs7716518	chr5	74264560	c	t	0.0327	0.0054	6.0556	89888.0	1.004e-09
rs7736223	chr5	74265520	t	c	0.0321	0.0052	6.1731	89888.0	2.083e-10
rs6453100	chr5	74265859	g	a	0.0193	0.0053	3.6415	89888.0	4.994e-05
rs10043960	chr5	74266343	g	a	0.0402	0.006	6.7000	89888.0	3.257e-10
rs6453102	chr5	74268327	a	g	0.019	0.0053	3.5849	89888.0	6.217e-05
rs13182265	chr5	74269724	a	c	0.0038	0.0072	0.5278	89888.0	0.4416
rs10045282	chr5	74273341	g	a	0.0323	0.0052	6.2115	89888.0	1.632e-10
rs4382144	chr5	74274675	a	g	0.0289	0.0037	7.8108	173019.0	3.246e-15
rs6889166	chr5	74276269	a	c	0.0327	0.0053	6.1698	89888.0	1.762e-10
rs6870053	chr5	74276566	c	a	0.0322	0.0053	6.0755	89888.0	1.036e-09
rs7716245	chr5	74279362	c	t	0.0184	0.0116	1.5862	89888.0	0.2291
rs11951363	chr5	74280296	g	a	0.0228	0.0117	1.9487	89888.0	0.1225
rs6867482	chr5	74280980	g	a	0.0295	0.0053	5.5660	89871.0	1.365e-08
rs9293638	chr5	74280993	a	g	0.0513	0.0264	1.9432	64211.0	0.05812
rs6888013	chr5	74281643	t	c	0.0342	0.0076	4.5000	89826.0	7.451e-06
rs10055502	chr5	74281724	c	t	0.0325	0.0083	3.9157	89888.0	0.0003067
rs11954672	chr5	74286428	c	t	0.0179	0.0053	3.3774	89888.0	0.0004099
rs7707671	chr5	74287742	c	t	0.0129	0.0055	2.3455	89888.0	0.01929
rs10474423	chr5	74287813	t	c	0.0129	0.0055	2.3455	89888.0	0.02678
rs7707833	chr5	74287863	c	t	0.0172	0.0053	3.2453	89872.0	0.00113
rs6453104	chr5	74289069	c	t	0.0171	0.0053	3.2264	89789.0	0.001064
rs6887521	chr5	74289267	c	t	0.019	0.0093	2.0430	89888.0	0.01997
rs11953548	chr5	74290519	c	t	0.0186	0.0054	3.4444	86937.0	0.0002787
rs7700719	chr5	74291869	g	a	0.0291	0.0053	5.4906	89856.0	4.071e-08
rs6860492	chr5	74292483	c	a	0.0136	0.0056	2.4286	89826.0	0.01915
rs10067703	chr5	74292694	g	t	0.0144	0.0056	2.5714	89871.0	0.01514
rs7728557	chr5	74293959	a	g	0.0139	0.0057	2.4386	89871.0	0.01704
rs6453106	chr5	74298946	a	g	0.02	0.0057	3.5088	89758.0	0.0003817
rs4320241	chr5	74299144	t	c	0.0304	0.0067	4.5373	86890.0	9.049e-06
rs4334860	chr5	74299317	t	c	0.0218	0.0094	2.3191	86730.0	0.007009
rs6895821	chr5	74300599	t	c	0.0204	0.0058	3.5172	89863.0	0.0006623
rs6894634	chr5	74300613	t	g	0.0255	0.0041	6.2195	172853.04	3.038e-09
rs6896040	chr5	74300758	a	c	0.0174	0.0095	1.8316	89888.0	0.0267
rs12651778	chr5	74301633	a	g	0.0009	0.0069	0.1304	172345.47	0.9477
rs7721887	chr5	74301852	c	a	0.0097	0.0068	1.4265	173025.03	0.1005
rs4555772	chr5	74302658	g	a	0.0322	0.0054	5.9630	89703.0	4.271e-09
rs7731533	chr5	74303119	g	a	0.0163	0.0095	1.7158	89888.0	0.03565
rs4285200	chr5	74307481	c	t	0.0195	0.0058	3.3621	89888.0	0.0007513
rs4504370	chr5	74307537	t	c	0.0157	0.0095	1.6526	89888.0	0.03844
rs7706858	chr5	74314884	c	t	0.0189	0.0058	3.2586	89888.0	0.000982
rs3811986	chr5	74324437	a	g	0.0188	0.0058	3.2414	89888.0	0.00107
rs3811987	chr5	74324548	a	g	0.0192	0.0058	3.3103	89888.0	0.0008563
rs11957690	chr5	74327436	a	g	0.0188	0.0058	3.2414	89888.0	0.00103
rs7734427	chr5	74328068	t	c	0.0186	0.0058	3.2069	89888.0	0.001181
rs12657184	chr5	74331528	g	a	0.0012	0.0069	0.1739	171521.22	0.8709
rs12655792	chr5	74331991	a	c	0.0097	0.0106	0.9151	89203.0	0.4003
rs7708899	chr5	74332977	c	t	0.0248	0.0069	3.5942	89888.0	0.0002849
rs11955513	chr5	74336883	t	c	0.0011	0.0094	0.1170	89888.0	0.9339
rs7714420	chr5	74340327	c	a	0.0346	0.0057	6.0702	89854.0	1.135e-09
rs10052034	chr5	74342313	a	g	0.0387	0.0086	4.5000	89888.0	1.761e-05
rs9293640	chr5	74342989	g	t	0.0359	0.0087	4.1264	89888.0	6.373e-05
rs7710706	chr5	74343769	a	g	0.0315	0.0054	5.8333	89888.0	5.746e-09
rs6861101	chr5	74344465	c	t	0.0283	0.0067	4.2239	89859.0	1.924e-05
rs9293641	chr5	74345369	a	c	0.0342	0.006	5.7000	172995.51	6.68e-08
rs3935470	chr5	74352180	g	a	0.0439	0.0039	11.2564	172963.0	1.591e-27
rs7700965	chr5	74356857	c	t	0.0461	0.0053	8.6981	89888.0	6.1e-18
rs4703645	chr5	74361140	c	t	0.0597	0.0069	8.6522	89880.0	1.9e-16
rs4447960	chr5	74361857	a	c	0.0461	0.0053	8.6981	89888.0	5.663e-18
rs7722905	chr5	74363743	g	a	0.033	0.0204	1.6176	79131.0	0.07459
rs10942729	chr5	74364300	a	g	0.0462	0.0053	8.7170	89833.0	1.023e-17
rs9293643	chr5	74365053	c	t	0.0463	0.0053	8.7358	89860.0	1.345e-17
rs4626318	chr5	74365757	c	a	0.0329	0.0064	5.1406	89878.0	3.367e-08
rs7720620	chr5	74366023	g	a	0.0463	0.0053	8.7358	89888.0	4.369e-18
rs4703646	chr5	74366533	t	c	0.0469	0.0038	12.3421	173011.0	1.197e-33
rs4704170	chr5	74368157	a	g	0.0557	0.0082	6.7927	89888.0	4.377e-10
rs4389672	chr5	74368642	t	g	0.0462	0.0053	8.7170	89888.0	4.154e-18
rs6879223	chr5	74370768	c	t	0.0237	0.0202	1.1733	80261.0	0.14
rs4621540	chr5	74371203	g	t	0.0463	0.0053	8.7358	89888.0	3.765e-18
rs7720035	chr5	74371635	a	g	0.0356	0.02	1.7800	79140.0	0.08811
rs3923323	chr5	74372141	c	t	0.0595	0.0069	8.6232	89881.0	1.401e-16
rs6865346	chr5	74372698	t	c	0.0202	0.0189	1.0688	80265.0	0.1593
rs4447963	chr5	74376309	c	a	0.0462	0.0053	8.7170	89888.0	3.331e-18
rs4345300	chr5	74376571	t	c	0.0462	0.0053	8.7170	89888.0	3.218e-18
rs4298239	chr5	74382081	a	g	0.043	0.0072	5.9722	89888.0	3.597e-08
rs4298240	chr5	74382382	t	g	0.0538	0.0079	6.8101	89888.0	4.515e-10
rs10440681	chr5	74382969	c	t	0.0327	0.0064	5.1094	89888.0	3.155e-08
rs10462511	chr5	74384115	g	a	0.0458	0.0054	8.4815	89888.0	5.213e-17
rs6860441	chr5	74389799	a	g	0.0463	0.0053	8.7358	89888.0	3.255e-18
rs12653162	chr5	74391666	t	c	0.0463	0.0053	8.7358	89888.0	3.798e-18
rs6889839	chr5	74402482	c	t	0.0212	0.0074	2.8649	82112.0	0.001313
rs9293645	chr5	74404281	t	c	0.0423	0.0239	1.7699	81937.0	0.1276
rs4361493	chr5	74405097	g	a	0.0469	0.0038	12.3421	173006.0	1.11e-33
rs4301212	chr5	74408979	a	g	0.0124	0.0052	2.3846	173023.78	0.01149
rs2035191	chr5	74413713	c	t	0.0611	0.0047	13.0000	173031.01	5.701e-35
rs10474429	chr5	74417980	a	g	0.0324	0.0064	5.0625	89888.0	3.059e-08
rs6872475	chr5	74419793	a	g	0.0465	0.0053	8.7736	89888.0	2.158e-18
rs4704175	chr5	74420422	a	g	0.0521	0.0076	6.8553	89888.0	1.426e-10
rs6453116	chr5	74421786	c	t	0.0541	0.008	6.7625	89888.0	5.772e-10
rs13360638	chr5	74433258	a	g	0.0464	0.0053	8.7547	89888.0	2.421e-18
rs13359143	chr5	74433360	c	t	0.0464	0.0053	8.7547	89888.0	2.376e-18
rs1600074	chr5	74436574	t	c	0.0463	0.0053	8.7358	89888.0	2.631e-18
rs1600073	chr5	74436737	t	c	0.0472	0.0053	8.9057	89888.0	6.539e-19
rs1477933	chr5	74437153	a	g	0.0464	0.0053	8.7547	89888.0	2.149e-18
rs1477932	chr5	74437228	a	c	0.0467	0.0053	8.8113	89888.0	2.34e-18
rs7735937	chr5	74441700	a	g	0.0465	0.0038	12.2368	173021.0	3.736e-33
rs6893216	chr5	74442964	c	t	0.0526	0.008	6.5750	89888.0	1.352e-09
rs1422698	chr5	74443132	t	c	0.0465	0.0053	8.7736	89838.0	7.103e-18
rs7705012	chr5	74444878	c	t	0.0273	0.0061	4.4754	89888.0	1.45e-06
rs1422697	chr5	74445817	a	g	0.0466	0.0053	8.7925	89888.0	2.207e-18
rs16872430	chr5	74446509	t	g	0.0329	0.0064	5.1406	89888.0	2.04e-08
rs17671266	chr5	74446552	c	t	0.0554	0.008	6.9250	89888.0	2.428e-10
rs10054860	chr5	74446804	g	t	0.0347	0.0066	5.2576	84198.0	8.864e-09
rs10447161	chr5	74449472	g	c	0.0303	0.0073	4.1507	122401.97	8.423e-06
rs10462354	chr5	74453027	g	t	0.0474	0.0054	8.7778	86937.0	1.463e-18
rs6872586	chr5	74456477	a	c	0.0524	0.0077	6.8052	86937.0	1.736e-10
rs11950291	chr5	74458007	a	g	0.0424	0.0198	2.1414	82222.0	0.03664
rs9293646	chr5	74459571	t	c	0.0362	0.0264	1.3712	61735.0	0.295
rs6885071	chr5	74460045	g	a	0.0457	0.0054	8.4630	89888.0	6.055e-18
rs7711762	chr5	74461675	t	c	0.0472	0.0054	8.7407	86937.0	1.952e-18
rs4703657	chr5	74461850	g	t	0.0474	0.0054	8.7778	86937.0	1.468e-18
rs4703658	chr5	74461924	a	c	0.0523	0.0078	6.7051	86937.0	2.373e-10
rs1363577	chr5	74463185	g	t	0.0472	0.0054	8.7407	86937.0	2.116e-18
rs9654426	chr5	74466737	t	c	0.0474	0.0054	8.7778	86937.0	1.634e-18
rs9654427	chr5	74466833	g	a	0.0494	0.0074	6.6757	173000.9	1.577e-10
rs9654428	chr5	74466884	c	a	0.0474	0.0054	8.7778	86937.0	1.551e-18
rs6885333	chr5	74467419	a	c	0.0362	0.0196	1.8469	82222.0	0.07925
rs10474431	chr5	74477850	a	g	0.0347	0.0064	5.4219	86937.0	4.354e-09
rs7726659	chr5	74478078	g	a	0.0345	0.0137	2.5182	155413.64	0.008959
rs1114161	chr5	74479238	c	t	0.0534	0.0076	7.0263	89726.0	4.269e-11
rs6889429	chr5	74482183	t	c	0.0476	0.0054	8.8148	86937.0	1.243e-18
rs6898116	chr5	74486778	g	t	0.0473	0.0054	8.7593	86937.0	1.744e-18
rs10515200	chr5	74487714	a	g	0.0345	0.0064	5.3906	86937.0	5.323e-09
rs1345704	chr5	74489998	a	g	0.0473	0.0054	8.7593	86937.0	1.625e-18
rs6890143	chr5	74490547	c	t	0.0559	0.0085	6.5765	89888.0	1.18e-09
rs6890320	chr5	74490658	c	t	0.0551	0.0081	6.8025	89888.0	3.462e-10
rs16872459	chr5	74493164	t	c	0.0347	0.0064	5.4219	86937.0	4.405e-09
rs10074789	chr5	74496977	g	a	0.0327	0.0063	5.1905	89864.0	2.722e-08
rs9293650	chr5	74497084	a	g	0.0466	0.0053	8.7925	89872.0	6.338e-18
rs6885887	chr5	74497842	c	a	0.0466	0.0053	8.7925	89888.0	2.019e-18
rs6864324	chr5	74497885	c	t	0.0481	0.0056	8.5893	82023.0	3.685e-17
rs6864485	chr5	74497984	c	t	0.0466	0.0053	8.7925	89888.0	2.113e-18
rs6879894	chr5	74498164	a	c	0.0466	0.0053	8.7925	89888.0	2.362e-18
rs17671496	chr5	74499631	g	a	0.0551	0.0081	6.8025	89888.0	3.775e-10
rs6889760	chr5	74503704	c	a	0.0468	0.0053	8.8302	89888.0	1.871e-18
rs2219745	chr5	74506658	t	c	0.0326	0.0063	5.1746	89888.0	2.364e-08
rs1422700	chr5	74510023	t	c	0.0328	0.0063	5.2063	89888.0	2.032e-08
rs1363578	chr5	74510341	t	c	0.0485	0.0054	8.9815	89888.0	5.7e-19
rs1363579	chr5	74510353	t	g	0.0469	0.0053	8.8491	89888.0	1.642e-18
rs1422701	chr5	74510517	g	t	0.047	0.0053	8.8679	89888.0	1.549e-18
rs6895538	chr5	74511018	c	t	0.0351	0.0195	1.8000	84061.0	0.09084
rs2161370	chr5	74517954	g	a	0.0346	0.0063	5.4921	89888.0	2.642e-09
rs1477937	chr5	74524837	g	a	0.0468	0.0053	8.8302	89888.0	1.597e-18
rs4627970	chr5	74528776	a	g	0.0468	0.0053	8.8302	89888.0	1.852e-18
rs6866661	chr5	74534372	g	a	0.0465	0.0053	8.7736	89888.0	2.636e-18
rs10064936	chr5	74536723	a	c	0.0348	0.0062	5.6129	89888.0	1.783e-09
rs4704197	chr5	74537751	t	c	0.0466	0.0053	8.7925	89888.0	2.234e-18
rs9942407	chr5	74540187	a	g	0.0489	0.0053	9.2264	89856.0	3.127e-19
rs7711235	chr5	74540397	g	a	0.0375	0.0063	5.9524	89724.0	4.997e-10
rs10066707	chr5	74560579	a	g	0.0497	0.0054	9.2037	89888.0	2.973e-19
rs76733602	chr5	74562373	g	a	0.0442	0.014	3.1571	82771.69	0.004198
rs2112653	chr5	74562564	c	t	0.0583	0.0052	11.2115	81922.0	1.247e-26
rs4704199	chr5	74563780	g	a	0.0091	0.0081	1.1235	109006.8	0.3085
rs10062361	chr5	74565153	t	c	0.0695	0.0043	16.1628	173021.99	5.406e-52
rs1009417	chr5	74568134	a	g	0.0102	0.0076	1.3421	170065.23	0.1165
rs72633962	chr5	74569028	c	t	0.06	0.0072	8.3333	83103.02	3.327e-15
rs68160747	chr5	74569432	a	c	0.0287	0.0105	2.7333	77797.04	0.009556
rs7710120	chr5	74569600	g	t	0.0116	0.0076	1.5263	172951.21	0.07222
rs76814661	chr5	74569834	g	t	0.0016	0.0106	0.1509	83103.22	0.8136
rs4704200	chr5	74569856	t	g	0.0644	0.0037	17.4054	172993.0	1.298e-61
rs77074976	chr5	74570377	a	g	0.002	0.0105	0.1905	83139.23	0.7932
rs1551894	chr5	74570531	a	g	0.0694	0.0045	15.4222	160114.0	4.166e-48
rs190339312	chr5	74570646	c	t	0.0013	0.0105	0.1238	83130.21	0.8429
rs77899875	chr5	74571577	c	a	0.0378	0.0094	4.0213	73640.76	0.0001728
rs2052515	chr5	74571914	a	g	0.0691	0.0043	16.0698	173017.02	1.004e-51
rs78376718	chr5	74572367	t	c	0.0015	0.0105	0.1429	83144.21	0.8308
rs57528678	chr5	74573440	a	c	0.0019	0.0105	0.1810	83139.2	0.8085
rs2126736	chr5	74574984	g	a	0.0642	0.0037	17.3514	173024.0	2.616e-61
rs7722186	chr5	74576285	a	g	0.0613	0.0051	12.0196	83121.0	1.631e-29
rs79378250	chr5	74576298	g	t	0.0012	0.0105	0.1143	83100.2	0.8466
rs76909681	chr5	74577228	a	g	0.0379	0.0086	4.4070	83035.14	3.074e-05
rs77643389	chr5	74577480	a	t	0.0027	0.0108	0.2500	79647.19	0.7629
rs73118846	chr5	74577566	c	g	0.0026	0.0178	0.1461	77883.68	0.8064
rs77209726	chr5	74577701	c	a	0.0379	0.0086	4.4070	83114.65	3.017e-05
rs4072112	chr5	74578784	c	t	0.0118	0.0075	1.5733	173016.16	0.07695
rs74505442	chr5	74579414	t	c	0.0011	0.0105	0.1048	83131.16	0.8627
rs80037857	chr5	74582162	a	g	0.0594	0.0088	6.7500	83139.77	2.117e-10
rs72768351	chr5	74582374	a	g	0.0207	0.0162	1.2778	82989.36	0.2294
rs4704204	chr5	74582408	a	c	0.0258	0.0079	3.2658	59220.95	0.001716
rs7731875	chr5	74588854	t	c	0.0253	0.0122	2.0738	88101.0	0.02122
rs73118860	chr5	74589996	g	a	0.0172	0.018	0.9556	81073.64	0.3303
rs77271236	chr5	74595851	a	g	0.0021	0.0105	0.2000	83100.09	0.8002
rs74534323	chr5	74596637	g	a	0.0299	0.0245	1.2204	79713.76	0.5118
rs918623	chr5	74596682	g	t	0.0651	0.0043	15.1395	171576.96	5.815e-49
rs1423528	chr5	74596977	c	t	0.0119	0.0076	1.5658	170078.08	0.0697
rs73118866	chr5	74597176	a	g	0.0134	0.0178	0.7528	77891.61	0.4437
rs75144964	chr5	74597689	c	g	0.0115	0.0198	0.5808	81605.64	0.503
rs112632893	chr5	74598846	t	g	0.013	0.0178	0.7303	77890.6	0.4548
rs6864784	chr5	74599457	g	a	0.0151	0.0136	1.1103	53410.85	0.3372
rs1423527	chr5	74602699	a	c	0.0697	0.0037	18.8378	172895.0	1.33e-72
rs4703665	chr5	74602898	c	t	0.0241	0.006	4.0167	142668.05	1.344e-05
rs2335418	chr5	74603479	a	g	0.0654	0.0037	17.6757	173001.0	8.583e-65
rs17739025	chr5	74603716	t	c	0.0122	0.0075	1.6267	172828.06	0.07291
rs6872197	chr5	74604318	t	c	0.0226	0.0106	2.1321	86937.0	0.01319
rs6871667	chr5	74604742	a	g	0.0675	0.0037	18.2432	173017.0	1.284e-68
rs10056811	chr5	74605220	a	g	0.0719	0.0039	18.4359	172894.0	3.58e-69
rs12660028	chr5	74605502	t	a	0.0157	0.0075	2.0933	172960.02	0.0235
rs1423526	chr5	74606173	a	t	0.018	0.0077	2.3377	172992.39	0.01114
rs4703666	chr5	74606860	c	t	0.0158	0.0077	2.0519	160114.0	0.01925
rs76254927	chr5	74607167	g	a	0.0057	0.0109	0.5229	79783.01	0.5963
rs74643660	chr5	74607345	c	t	0.0009	0.0104	0.0865	83122.03	0.903
rs78277387	chr5	74607431	c	a	0.0847	0.0577	1.4679	50496.07	0.2348
rs79349344	chr5	74608014	a	g	0.0012	0.0104	0.1154	83068.04	0.8971
rs80036750	chr5	74608319	t	c	0.0018	0.0107	0.1682	83140.03	0.8714
rs77326618	chr5	74608341	c	t	0.0011	0.0107	0.1028	82901.03	0.8783
rs11957260	chr5	74608732	t	c	0.0657	0.0037	17.7568	172855.0	1.062e-65
rs75283568	chr5	74608945	t	c	0.0028	0.0107	0.2617	83079.04	0.8045
rs80297573	chr5	74609027	c	t	0.0013	0.0107	0.1215	83130.04	0.9066
rs61375955	chr5	74610050	t	c	0.0448	0.0093	4.8172	69653.71	5.403e-06
rs77175911	chr5	74610053	c	t	0.012	0.0179	0.6704	77841.49	0.4759
rs74558113	chr5	74610586	c	t	0.0025	0.011	0.2273	77880.07	0.816
rs6877840	chr5	74611524	c	t	0.0297	0.0109	2.7248	89800.0	0.003268
rs6892023	chr5	74611574	t	g	0.0652	0.0062	10.5161	55704.0	5.913e-23
rs78285398	chr5	74612881	g	a	0.0015	0.0107	0.1402	83142.12	0.8948
rs17671591	chr5	74615021	t	c	0.0713	0.0038	18.7632	172942.0	6.773e-70
rs10474433	chr5	74616843	c	t	0.0737	0.0055	13.4000	89888.0	5.954e-38
rs17647994	chr5	74617046	t	c	0.0366	0.0138	2.6522	83111.71	0.01823
rs2878417	chr5	74617262	a	g	0.0704	0.0037	19.0270	173026.0	5.852e-74
rs115607314	chr5	74617712	c	g	0.0026	0.0109	0.2385	80716.22	0.8518
rs114389778	chr5	74618035	g	a	0.0224	0.0164	1.3659	76560.87	0.2363
rs13358429	chr5	74618186	a	g	0.0713	0.0039	18.2821	172947.0	5.802e-70
rs13354746	chr5	74619132	t	c	0.0696	0.0043	16.1860	171796.04	2.188e-53
rs12186701	chr5	74619182	t	c	0.0134	0.02	0.6700	88734.59	0.5808
rs72768353	chr5	74620157	c	t	0.033	0.0297	1.1111	72080.68	0.1376
rs3895886	chr5	74620225	t	c	0.042	0.0061	6.8852	172983.28	1.023e-10
rs3857388	chr5	74620377	c	t	0.0421	0.0059	7.1356	172939.28	2.201e-11
rs6878576	chr5	74620912	t	c	0.0436	0.0085	5.1294	89887.0	1.283e-06
rs115228512	chr5	74622677	a	g	0.0835	0.0578	1.4446	52438.02	0.1742
rs77096078	chr5	74622721	a	g	0.0012	0.0113	0.1062	78721.62	0.9397
rs78585310	chr5	74623742	c	a	0.0027	0.0106	0.2547	83133.7	0.8132
rs6895057	chr5	74624234	a	g	0.0478	0.006	7.9667	83116.95	4.699e-14
rs3843480	chr5	74624482	c	t	0.0754	0.0044	17.1364	121394.0	4.396e-60
rs7703051	chr5	74625487	a	c	0.0727	0.0037	19.6486	173015.0	1.4e-77
rs7701925	chr5	74625512	a	g	0.0623	0.0058	10.7414	93217.94	7.694e-24
rs11749783	chr5	74626082	c	t	0.0724	0.0037	19.5676	170066.0	4.419e-76
rs3931914	chr5	74628014	c	g	0.0613	0.0044	13.9318	166959.04	1.697e-39
rs3843481	chr5	74628375	t	a	0.0682	0.0038	17.9474	162085.0	7.521e-65
rs2878418	chr5	74628497	a	c	0.0626	0.0061	10.2623	83131.04	2.939e-22
rs112585543	chr5	74630929	t	c	0.0534	0.0198	2.6970	76174.57	0.01977
rs17238568	chr5	74631071	t	g	0.0318	0.0105	3.0286	83143.95	0.004474
rs17244939	chr5	74631096	a	c	0.0537	0.0202	2.6584	80429.1	0.01483
rs3761738	chr5	74631139	t	c	0.0621	0.0087	7.1379	89888.0	5.017e-13
rs17238330	chr5	74631262	g	a	0.0464	0.008	5.8000	96018.41	2.535e-08
rs13436857	chr5	74631352	c	t	0.0531	0.0056	9.4821	83099.0	3.267e-19
rs3761739	chr5	74631501	t	c	0.0458	0.0051	8.9804	173025.03	7.162e-20
rs3761740	chr5	74632133	a	c	0.0593	0.0088	6.7386	86859.0	2.568e-12
rs17244953	chr5	74632193	g	c	0.0052	0.0129	0.4031	81905.97	0.7661
rs115169875	chr5	74633264	g	a	0.034	0.0154	2.2078	82047.49	0.04512
rs4704209	chr5	74634473	g	a	0.0149	0.0077	1.9351	170078.97	0.02607
rs10045497	chr5	74636484	a	c	0.0766	0.0053	14.4528	89888.0	2.315e-44
rs76475757	chr5	74637213	c	t	0.0556	0.0101	5.5050	83142.22	4.878e-07
rs10038095	chr5	74637711	t	a	0.0688	0.0055	12.5091	75159.1	4.231e-32
rs10515198	chr5	74641560	a	g	0.0599	0.0061	9.8197	173012.41	5.989e-22
rs2303152	chr5	74641707	a	g	0.0423	0.0064	6.6094	160116.0	1.043e-09
rs17244841	chr5	74642855	a	t	0.0197	0.0179	1.1006	76933.51	0.3155
rs17244848	chr5	74643670	c	t	0.0544	0.0084	6.4762	83128.14	1.067e-09
rs10474434	chr5	74644681	t	g	0.0625	0.0061	10.2459	83136.04	4.113e-22
rs6453131	chr5	74644706	g	t	0.0682	0.0052	13.1154	84968.0	4.462e-35
rs11742194	chr5	74646878	t	c	0.0594	0.006	9.9000	173026.23	8.126e-22
rs17238484	chr5	74648496	t	g	0.0627	0.0062	10.1129	80958.95	1.35e-21
rs12654264	chr5	74648603	t	a	0.0687	0.0037	18.5676	172958.1	3.893e-70
rs10063134	chr5	74649649	c	t	0.0717	0.0361	1.9861	50241.0	0.1215
rs3846662	chr5	74651084	g	a	0.0692	0.0038	18.2105	165251.0	2.237e-69
rs5908	chr5	74652199	a	g	0.0354	0.0145	2.4414	115760.15	0.02403
rs7717396	chr5	74654779	t	a	0.0175	0.0078	2.2436	170054.32	0.01112
rs2303151	chr5	74655451	t	c	0.0153	0.0078	1.9615	170080.33	0.02199
rs17238540	chr5	74655498	t	g	0.024	0.0162	1.4815	84982.57	0.1582
rs3846663	chr5	74655726	t	c	0.0722	0.0037	19.5135	170019.9	1.134e-75
rs5909	chr5	74656175	a	g	0.0617	0.0088	7.0114	89875.0	4.926e-13
rs12916	chr5	74656539	c	t	0.0733	0.0038	19.2895	168357.0	7.792e-78
rs10474435	chr5	74657280	c	t	0.0536	0.0149	3.5973	150792.15	0.002362
rs78109779	chr5	74659099	g	a	0.0561	0.0085	6.6000	83121.54	5.56e-10
rs11743717	chr5	74659587	t	c	0.0583	0.0085	6.8588	83134.32	1.374e-10
rs4703670	chr5	74660356	c	t	0.0615	0.0044	13.9773	172908.01	4.541e-39
rs115269763	chr5	74662852	g	a	0.0261	0.0131	1.9924	77884.85	0.06168
rs56981407	chr5	74664633	c	g	0.0319	0.0101	3.1584	83028.0	0.004362
rs16872523	chr5	74665676	t	c	0.0267	0.012	2.2250	166988.65	0.01117
rs3733907	chr5	74665860	c	g	0.0456	0.0051	8.9412	167589.93	7.724e-20
rs7733436	chr5	74666492	t	c	0.0601	0.0055	10.9273	74826.1	6.161e-25
rs17562686	chr5	74668589	t	c	0.0585	0.0088	6.6477	89822.0	1.093e-11
rs10515197	chr5	74670454	t	c	0.0421	0.0054	7.7963	153986.0	6.842e-16
rs13356670	chr5	74673707	g	a	0.0441	0.0044	10.0227	171316.95	8.341e-22
rs7700468	chr5	74675076	c	t	0.0534	0.0042	12.7143	171625.96	2.616e-31
rs16872526	chr5	74675717	g	t	0.0407	0.0068	5.9853	173009.0	2.356e-08
rs74695562	chr5	74675951	t	g	0.0315	0.0127	2.4803	81824.65	0.02198
rs73763057	chr5	74676730	a	t	0.0343	0.0101	3.3960	83123.0	0.002216
rs7706933	chr5	74676823	t	g	0.0302	0.0124	2.4355	158892.58	0.006702
rs78587954	chr5	74677170	g	c	0.0532	0.0102	5.2157	83076.49	1.548e-06
rs16872536	chr5	74678485	t	g	0.0422	0.0068	6.2059	170078.0	9.54e-09
rs3761742	chr5	74678937	a	g	0.0624	0.0044	14.1818	172986.94	1.36e-39
rs3846665	chr5	74681500	a	c	0.0626	0.0044	14.2273	172832.94	1.009e-39
rs698912	chr5	74681773	c	t	0.0623	0.0044	14.1591	173011.94	1.382e-39
rs17562727	chr5	74682474	c	t	0.0413	0.0146	2.8288	77647.06	0.005869
rs10038689	chr5	74682611	t	c	0.0426	0.0147	2.8980	143210.0	0.01445
rs7356637	chr5	74683646	c	t	0.0532	0.0059	9.0169	89888.0	3.67e-16
rs3761743	chr5	74685520	g	a	0.0536	0.0043	12.4651	173021.97	8.105e-32
rs12234032	chr5	74687252	t	c	0.0595	0.0064	9.2969	80198.04	2.533e-18
rs6878990	chr5	74689249	c	t	0.0645	0.0037	17.4324	173012.0	5.831e-63
rs6898308	chr5	74690030	g	c	0.0252	0.0125	2.0160	159124.17	0.01662
rs75795743	chr5	74690076	c	t	0.0501	0.0096	5.2188	67587.4	8.515e-07
rs12055331	chr5	74692177	a	t	0.0359	0.0107	3.3551	76349.0	0.002216
rs6453133	chr5	74692776	g	a	0.0497	0.004	12.4250	173029.99	1.081e-32
rs13354109	chr5	74693546	g	t	0.0624	0.0201	3.1045	71114.0	0.004109
rs375650246	chr5	74693864	t	a	0.028	0.047	0.5957	50724.04	0.7082
rs17648288	chr5	74696638	g	c	0.0569	0.0061	9.3279	172878.01	4.601e-20
rs3804231	chr5	74696779	a	g	0.0642	0.0053	12.1132	173020.03	1.884e-29
rs12173076	chr5	74697050	g	t	0.0654	0.0056	11.6786	173026.03	2.33e-27
rs114872747	chr5	74698750	c	t	0.0368	0.0521	0.7063	52982.09	0.6547
rs10085014	chr5	74699420	c	t	0.04	0.022	1.8182	81715.0	0.1751
rs6866607	chr5	74700095	a	g	0.0223	0.0175	1.2743	83107.06	0.235
rs60298841	chr5	74701132	c	t	0.0364	0.012	3.0333	56847.0	0.007838
rs72633965	chr5	74701463	c	t	0.0648	0.0074	8.7568	83135.03	8.128e-17
rs17671845	chr5	74701766	c	t	0.0568	0.0109	5.2110	167022.06	2.553e-06
rs7722940	chr5	74702893	a	c	0.0299	0.0121	2.4711	166956.04	0.008771
rs62366593	chr5	74703186	c	t	0.0246	0.0107	2.2991	83117.08	0.03554
rs10515195	chr5	74704701	c	g	0.0446	0.0072	6.1944	160386.0	3.805e-09
rs9293652	chr5	74704829	c	t	0.0642	0.0053	12.1132	173025.03	3.138e-29
rs114911463	chr5	74705970	t	c	0.0145	0.013	1.1154	83134.51	0.2619
rs10067900	chr5	74706661	c	t	0.0616	0.0052	11.8462	173017.03	4.99e-28
rs16872555	chr5	74707762	a	g	0.0473	0.0094	5.0319	89818.0	6.525e-07
rs76591872	chr5	74709094	a	t	0.0352	0.01	3.5200	83114.0	0.00179
rs4704215	chr5	74709334	c	t	0.028	0.0112	2.5000	89888.0	0.003562
rs16872556	chr5	74710550	a	g	0.0414	0.0069	6.0000	173025.0	1.287e-08
rs75479732	chr5	74712269	c	t	0.0892	0.0326	2.7362	71085.81	0.01488
rs79286120	chr5	74713412	g	t	0.031	0.0103	3.0097	80277.0	0.006822
rs58780510	chr5	74714784	a	g	0.0355	0.0132	2.6894	51318.0	0.0146
rs10038723	chr5	74717653	t	c	0.0622	0.0044	14.1364	173023.02	1.703e-39
rs80324692	chr5	74717761	c	t	0.0313	0.0093	3.3656	82270.93	0.001246
rs6453134	chr5	74717767	a	g	0.0504	0.0051	9.8824	124995.07	3.535e-20
rs77385263	chr5	74717811	a	t	0.0564	0.0075	7.5200	82835.02	7.034e-13
rs75944831	chr5	74720611	a	g	0.0589	0.0302	1.9503	71942.42	0.269
rs79410255	chr5	74721903	t	a	0.0141	0.0195	0.7231	67985.86	0.4596
rs113636404	chr5	74722555	t	c	0.0192	0.0215	0.8930	82065.82	0.4295
rs78407358	chr5	74724185	a	g	0.0325	0.0102	3.1863	81764.0	0.00428
rs78979878	chr5	74724227	t	g	0.0657	0.0074	8.8784	82876.01	4.696e-17
rs73763098	chr5	74724640	g	a	0.0345	0.01	3.4500	83130.0	0.00212
rs72633967	chr5	74724832	c	a	0.066	0.0075	8.8000	81879.01	4.461e-17
rs10075139	chr5	74725609	c	t	0.0617	0.0044	14.0227	173017.01	5.281e-39
rs181686584	chr5	74725808	c	t	0.0103	0.0216	0.4769	72127.27	0.7243
rs112989931	chr5	74725841	g	t	0.0233	0.0177	1.3164	83111.82	0.2266
rs73120804	chr5	74730376	t	a	0.0197	0.0176	1.1193	83022.78	0.3052
rs10434644	chr5	74731732	g	a	0.0541	0.0061	8.8689	81059.03	4.69e-17
rs76478815	chr5	74732445	t	c	0.0651	0.0074	8.7973	83128.01	6.252e-17
rs79058517	chr5	74732937	a	t	0.0531	0.0086	6.1744	82130.12	6.962e-09
rs75375100	chr5	74733820	g	t	0.0129	0.0188	0.6862	78578.93	0.4353
rs73763102	chr5	74733896	c	t	0.0348	0.0102	3.4118	82088.0	0.002115
rs4385188	chr5	74734362	g	a	0.0533	0.0044	12.1136	160113.0	1.097e-29
rs10474436	chr5	74735038	g	a	0.0539	0.0071	7.5915	61153.01	5.576e-13
rs6872314	chr5	74736065	c	a	0.0529	0.0044	12.0227	160114.0	2.015e-29
rs75673664	chr5	74740756	t	c	0.0651	0.0074	8.7973	83064.01	7.251e-17
rs9791146	chr5	74740950	t	c	0.0362	0.01	3.6200	83134.1	0.001138
rs73120807	chr5	74744721	t	g	0.0147	0.0175	0.8400	83024.02	0.3974
rs10070207	chr5	74745228	t	g	0.0493	0.0045	10.9556	173024.03	1.104e-24
rs115549587	chr5	74746307	g	a	0.0829	0.0603	1.3748	52424.1	0.1784
rs61080643	chr5	74746880	a	g	0.0345	0.0101	3.4158	83114.1	0.002179
rs12656938	chr5	74747202	c	t	0.0025	0.0107	0.2336	83120.07	0.8473
rs4704219	chr5	74748505	t	c	0.0647	0.0037	17.4865	172952.0	2.744e-63
rs62366598	chr5	74749147	c	t	0.0286	0.0102	2.8039	83124.75	0.008116
rs10041470	chr5	74749639	c	g	0.0488	0.0079	6.1772	72658.0	6.163e-09
rs116070404	chr5	74749969	t	c	0.035	0.0111	3.1532	83135.7	0.002276
rs56289988	chr5	74753273	t	c	0.0298	0.0299	0.9967	69927.26	0.2028
rs72633968	chr5	74753634	g	a	0.0643	0.0078	8.2436	83140.0	5.142e-15
rs6874781	chr5	74754355	t	a	0.0501	0.007	7.1571	66873.0	1.474e-11
rs10076819	chr5	74756118	c	t	0.0648	0.0074	8.7568	83119.0	9.881e-17
rs4512110	chr5	74756221	g	a	0.0244	0.006	4.0667	172959.2	0.0002311
rs72633969	chr5	74757286	a	g	0.065	0.0074	8.7838	83137.0	7.366e-17
rs4704220	chr5	74757556	a	g	0.0639	0.0037	17.2703	173019.0	5.131e-62
rs12659331	chr5	74757657	c	a	0.0188	0.0134	1.4030	51565.02	0.2213
rs12659791	chr5	74757758	c	t	0.0433	0.005	8.6600	173018.04	1.422e-18
rs4704221	chr5	74759183	a	t	0.063	0.0045	14.0000	115856.1	2.033e-40
rs10942738	chr5	74761209	a	c	0.0775	0.0237	3.2700	95666.86	0.001933
rs73120811	chr5	74762578	a	t	0.0171	0.0175	0.9771	83122.19	0.3734
rs4440336	chr5	74764347	c	t	0.0527	0.0043	12.2558	170070.06	8.666e-31
rs57414757	chr5	74765294	t	c	0.022	0.0174	1.2644	83092.22	0.2431
rs77760425	chr5	74769254	a	t	0.0063	0.0108	0.5833	82968.95	0.5787
rs61175242	chr5	74769337	a	c	0.0333	0.0101	3.2970	83023.1	0.00313
rs80131497	chr5	74769631	g	a	0.0502	0.0102	4.9216	83059.8	6.259e-06
rs73764914	chr5	74770972	a	g	0.0346	0.01	3.4600	83137.1	0.002112
rs10061689	chr5	74771387	a	g	0.0639	0.0053	12.0566	172938.0	4.383e-29
rs74988631	chr5	74773308	g	a	0.0497	0.0102	4.8725	83134.69	9.067e-06
rs4704223	chr5	74773420	c	t	0.0643	0.0037	17.3784	173013.0	8.259e-63
rs73764915	chr5	74773470	g	t	0.0345	0.01	3.4500	83110.1	0.002103
rs72633971	chr5	74775989	g	t	0.0645	0.0074	8.7162	83141.0	1.204e-16
rs114929267	chr5	74776503	c	t	0.014	0.013	1.0769	83135.45	0.2735
rs74827222	chr5	74777631	t	c	0.0528	0.0198	2.6667	76214.61	0.01958
rs80220036	chr5	74778480	t	c	0.0399	0.0137	2.9124	80985.87	0.007866
rs77443979	chr5	74779202	c	g	0.0691	0.022	3.1409	66799.94	0.01642
rs11746245	chr5	74780338	a	g	0.0596	0.0088	6.7727	89888.0	4.138e-12
rs58216239	chr5	74781777	a	g	0.0131	0.0172	0.7616	83140.38	0.4397
rs61430233	chr5	74782125	t	c	0.0603	0.0063	9.5714	83124.0	1.401e-19
rs72768359	chr5	74782411	t	g	0.0299	0.0078	3.8333	83136.02	0.0002653
rs11955819	chr5	74782412	t	a	0.0498	0.0132	3.7727	129210.39	0.0001322
rs10474437	chr5	74783636	t	c	0.0631	0.0077	8.1948	89888.0	4.257e-14
rs78285088	chr5	74784744	c	t	0.0241	0.0112	2.1518	68654.1	0.05475
rs10942739	chr5	74786083	a	g	0.0521	0.0059	8.8305	89875.0	1.806e-15
rs79260962	chr5	74786758	g	t	0.0065	0.0112	0.5804	76690.26	0.592
rs73120824	chr5	74786909	t	c	0.0186	0.0179	1.0391	77891.43	0.3422
rs6896136	chr5	74787310	c	t	0.065	0.0038	17.1053	160110.0	4.864e-60
rs28612248	chr5	74787620	a	g	0.0648	0.0074	8.7568	83143.0	8.584e-17
rs4640773	chr5	74788403	t	c	0.0204	0.0174	1.1724	83139.44	0.2774
rs7709282	chr5	74792657	t	g	0.0534	0.0042	12.7143	173028.03	7.104e-32
rs7726478	chr5	74795681	t	c	0.0662	0.0074	8.9459	83128.0	1.646e-17
rs6891560	chr5	74796757	a	g	0.0638	0.0053	12.0377	172967.0	4.452e-29
rs61678717	chr5	74797153	t	c	0.0361	0.0108	3.3426	83094.52	0.002605
rs10055011	chr5	74798156	a	g	0.0642	0.0056	11.4643	157149.0	1.015e-26
rs35294062	chr5	74801736	c	t	0.0169	0.0251	0.6733	69627.77	0.4958
rs5744533	chr5	74806104	t	c	0.0621	0.0045	13.8000	170053.93	5.426e-39
rs4549504	chr5	74808237	t	g	0.067	0.0053	12.6415	89888.0	2.171e-35
rs5744544	chr5	74808331	a	g	0.0651	0.0078	8.3462	83114.0	2.516e-15
rs5744545	chr5	74808417	a	g	0.0642	0.008	8.0250	89888.0	2.598e-13
rs4604177	chr5	74808880	t	c	0.0631	0.0046	13.7174	115999.0	1.131e-40
rs6863398	chr5	74809776	a	t	0.0497	0.0063	7.8889	76908.0	5.153e-14
rs10072576	chr5	74809795	c	t	0.0135	0.0201	0.6716	81248.75	0.7053
rs140150648	chr5	74810273	a	t	0.0245	0.0282	0.8688	75543.45	0.7038
rs10059022	chr5	74810384	a	g	0.0652	0.0074	8.8108	83112.01	5.465e-17
rs7701166	chr5	74813193	c	g	0.0321	0.0182	1.7637	82700.82	0.09855
rs5744552	chr5	74816944	g	c	0.0605	0.0052	11.6346	82910.1	5.59e-28
rs5744555	chr5	74817236	a	g	0.06	0.0063	9.5238	83103.97	1.921e-19
rs3094246	chr5	74817394	a	g	0.0314	0.0126	2.4921	83120.38	0.02271
rs72768364	chr5	74819598	c	t	0.0517	0.0197	2.6244	82187.06	0.01676
rs80024454	chr5	74822019	c	a	0.0104	0.0184	0.5652	80757.23	0.5194
rs72633972	chr5	74823503	c	a	0.0651	0.0074	8.7973	82110.01	1.182e-16
rs5744566	chr5	74830808	a	g	0.0344	0.01	3.4400	83118.1	0.002196
rs5744567	chr5	74831248	a	g	0.0338	0.0101	3.3465	83097.1	0.002678
rs979182	chr5	74832919	t	c	0.0642	0.0056	11.4643	172994.0	1.417e-26
rs114873381	chr5	74833310	g	a	0.069	0.0262	2.6336	70942.86	0.005259
rs16872589	chr5	74834348	c	t	0.0491	0.0096	5.1146	86937.0	4.025e-07
rs13353914	chr5	74834546	t	a	0.0368	0.0199	1.8492	76284.0	0.1451
rs16872590	chr5	74835023	g	a	0.0265	0.0119	2.2269	170025.68	0.01017
rs73120850	chr5	74837541	a	g	0.0124	0.0172	0.7209	82932.21	0.4736
rs10077427	chr5	74837901	g	a	0.0637	0.0053	12.0189	172985.0	4.09e-29
rs5744578	chr5	74840745	g	a	0.0427	0.0069	6.1884	170046.1	5.246e-09
rs5744598	chr5	74846613	a	g	0.0604	0.006	10.0667	90895.0	1.973e-21
rs5744601	chr5	74847416	g	a	0.0644	0.0063	10.2222	89888.0	8.317e-22
rs5744612	chr5	74849469	g	a	0.0471	0.0093	5.0645	89851.0	5.046e-07
rs5744616	chr5	74849695	c	t	0.0241	0.0177	1.3616	82097.88	0.2286
rs11953173	chr5	74850806	a	c	0.0389	0.0167	2.3293	86937.0	0.006638
rs73764928	chr5	74854567	t	c	0.0345	0.0101	3.4158	83115.1	0.002118
rs9293655	chr5	74856142	t	c	0.0642	0.0053	12.1132	173001.0	2.267e-29
rs1909720	chr5	74861029	g	t	0.049	0.0094	5.2128	86937.0	2.561e-07
rs3756558	chr5	74863041	c	t	0.0437	0.0051	8.5686	160111.0	5.172e-18
rs1469051	chr5	74865049	g	a	0.0637	0.0078	8.1667	83082.0	1.039e-14
rs5744636	chr5	74867581	g	t	0.0645	0.0053	12.1698	172969.0	1.341e-29
rs963004	chr5	74868297	c	a	0.0377	0.0104	3.6250	79435.1	0.0008
rs1988728	chr5	74868562	t	c	0.0421	0.0069	6.1014	168839.1	6.795e-09
rs5744647	chr5	74871269	a	g	0.0353	0.0141	2.5035	86806.0	0.005776
rs5744655	chr5	74873037	g	a	0.0484	0.0144	3.3611	152361.0	0.003001
rs5744657	chr5	74873812	t	g	0.0312	0.0188	1.6596	109035.32	0.1212
rs5744661	chr5	74874990	t	c	0.0503	0.0094	5.3511	86937.0	1.235e-07
rs5744667	chr5	74876613	c	t	0.057	0.0078	7.3077	89888.0	6.418e-11
rs3213801	chr5	74877266	t	c	0.0622	0.0044	14.1364	173004.0	9.779e-40
rs5744672	chr5	74877803	c	t	0.0654	0.0037	17.6757	172857.0	4.528e-64
rs5744675	chr5	74878486	a	g	0.0709	0.0275	2.5782	76444.26	0.03741
rs5744680	chr5	74879890	a	g	0.0644	0.0037	17.4054	172858.9	2.96e-61
rs4703674	chr5	74882681	t	c	0.0544	0.0043	12.6512	171787.98	1.455e-32
rs10038945	chr5	74883486	t	c	0.0634	0.008	7.9250	70691.0	7.662e-14
rs1018119	chr5	74886384	a	g	0.0417	0.0068	6.1324	169787.7	5.936e-09
rs767676	chr5	74887614	c	t	0.0539	0.0042	12.8333	172990.98	2.24e-32
rs5744704	chr5	74889642	c	t	0.0618	0.0056	11.0357	155923.0	5.929e-25
rs5744706	chr5	74890404	a	g	0.0155	0.0129	1.2016	83106.43	0.2355
rs5744707	chr5	74890618	g	a	0.0549	0.0061	9.0000	172927.91	5.847e-19
rs5744712	chr5	74892002	c	t	0.0642	0.0053	12.1132	172869.0	1.093e-29
rs1051795	chr5	74896798	a	g	0.0627	0.0047	13.3404	160108.0	2.768e-36
rs111387815	chr5	74896851	t	g	0.0196	0.0176	1.1136	83145.98	0.3106
rs77751756	chr5	74898271	g	a	0.0545	0.0166	3.2831	76808.04	0.003176
rs72633975	chr5	74898493	a	g	0.0645	0.0074	8.7162	83086.01	1.42e-16
rs116305365	chr5	74898556	a	g	0.045	0.0188	2.3936	82613.51	0.01424
rs78250038	chr5	74898606	t	c	0.0599	0.0086	6.9651	83140.98	5.965e-11
rs2287711	chr5	74898752	c	t	0.0624	0.0044	14.1818	173006.01	5.758e-40
rs2287710	chr5	74898866	g	c	0.0546	0.0076	7.1842	77872.01	1.187e-11
rs58841453	chr5	74902716	c	t	0.0648	0.0074	8.7568	83132.03	8.909e-17
rs73764930	chr5	74902841	g	a	0.0346	0.0101	3.4257	83142.0	0.002057
rs10078671	chr5	74902848	g	c	0.0592	0.0053	11.1698	172993.03	1.714e-25
rs16872635	chr5	74903894	t	a	0.0401	0.0066	6.0758	172875.0	9.696e-09
rs4704229	chr5	74904326	c	a	0.0639	0.0053	12.0566	172911.95	2.705e-29
rs10036682	chr5	74905046	t	c	0.0638	0.0076	8.3947	79480.96	1.63e-15
rs72633976	chr5	74907260	a	g	0.0625	0.0075	8.3333	83132.98	5.203e-15
rs1820049	chr5	74908446	c	g	0.0648	0.0074	8.7568	83111.96	9.698e-17
rs4045166	chr5	74909446	g	c	0.0542	0.0043	12.6047	169944.0	5.675e-32
rs11748027	chr5	74909972	t	c	0.0614	0.0052	11.8077	83095.1	1.859e-28
rs73122744	chr5	74910590	a	g	0.0163	0.0175	0.9314	83142.96	0.3866
rs984976	chr5	74910870	g	a	0.0493	0.005	9.8600	93128.0	1.648e-20
rs67969809	chr5	74913796	a	g	0.0611	0.0065	9.4000	76528.99	1.352e-18
rs75406618	chr5	74913912	t	c	0.0014	0.0107	0.1308	83135.83	0.9055
rs2878519	chr5	74914061	a	g	0.0627	0.0045	13.9333	169976.01	1.17e-39
rs2878520	chr5	74914093	a	g	0.0625	0.0045	13.8889	170069.01	2.065e-39
rs79300858	chr5	74914351	a	g	0.0447	0.0147	3.0408	76663.76	0.002375
rs73764932	chr5	74916682	t	c	0.0293	0.0103	2.8447	83126.19	0.01101
rs55959099	chr5	74916733	g	t	0.0536	0.0213	2.5164	75788.23	0.01265
rs1863935	chr5	74916818	g	a	0.063	0.0045	14.0000	170052.01	4.861e-40
rs1863934	chr5	74916872	a	g	0.0629	0.0044	14.2955	173012.01	1.302e-40
rs57907925	chr5	74916972	a	g	0.0668	0.0074	9.0270	81913.0	6.461e-18
rs904743	chr5	74917862	g	a	0.0673	0.0054	12.4630	160115.0	4.389e-31
rs16872639	chr5	74918856	t	g	0.0503	0.0094	5.3511	89888.0	1.22e-07
rs6861279	chr5	74919409	a	g	0.0625	0.0044	14.2045	172897.94	3.154e-40
rs74450681	chr5	74921245	t	c	0.031	0.0169	1.8343	76530.4	0.103
rs9332464	chr5	74921686	a	g	0.0613	0.0044	13.9318	172548.06	1.243e-38
rs17739580	chr5	74921883	t	c	0.063	0.0044	14.3182	172998.97	1.222e-40
rs7717505	chr5	74921896	a	g	0.063	0.0044	14.3182	172947.97	1.219e-40
rs10067641	chr5	74922978	g	a	0.0627	0.0044	14.2500	173027.93	2.434e-40
rs116105075	chr5	74923193	t	c	0.0302	0.0139	2.1727	77623.17	0.03263
rs76475128	chr5	74923201	t	c	0.0013	0.0107	0.1215	83078.81	0.9064
rs7723531	chr5	74923321	a	g	0.0627	0.0052	12.0577	127804.05	1.37e-29
rs10074747	chr5	74923603	c	g	0.0642	0.0053	12.1132	172993.06	1.463e-29
rs16872661	chr5	74923932	c	t	0.0351	0.0169	2.0769	83855.0	0.022
rs924452	chr5	74923956	a	g	0.0646	0.0063	10.2540	89888.0	7.533e-22
rs1427924	chr5	74924890	g	a	0.0628	0.0044	14.2727	172997.01	2.4e-40
rs9293656	chr5	74925162	t	c	0.0626	0.0045	13.9111	171795.04	1.258e-39
rs6882452	chr5	74926149	a	g	0.0274	0.0123	2.2276	157274.6	0.01717
rs16872665	chr5	74926246	t	c	0.0572	0.0106	5.3962	166977.66	5.308e-07
rs253407	chr5	74926778	a	g	0.04	0.0042	9.5238	160113.0	8.085e-20
rs253409	chr5	74928069	c	g	0.0376	0.004	9.4000	172981.96	5.189e-19
rs253410	chr5	74928293	a	t	0.0381	0.0045	8.4667	172845.08	1.749e-16
rs114796667	chr5	74928541	t	c	0.0369	0.0136	2.7132	83142.1	0.009135
rs10074195	chr5	74928675	a	g	0.0421	0.0205	2.0537	81040.0	0.09421
rs253392	chr5	74928883	g	t	0.0456	0.0041	11.1220	173021.06	8.28e-26
rs11956755	chr5	74928902	t	g	0.0346	0.0169	2.0473	83855.0	0.02688
rs10069335	chr5	74929192	t	a	0.0414	0.0147	2.8163	155886.01	0.01732
rs16872670	chr5	74929312	a	g	0.0553	0.0084	6.5833	173015.03	1.796e-09
rs253393	chr5	74929647	g	a	0.0467	0.0059	7.9153	89888.0	4.056e-14
rs7724771	chr5	74931186	t	a	0.0252	0.0124	2.0323	160096.57	0.02783
rs34339	chr5	74931333	g	t	0.039	0.0047	8.2979	155945.99	1.164e-15
rs16872674	chr5	74931497	t	c	0.0571	0.0106	5.3868	169949.12	5.893e-07
rs16872677	chr5	74932072	t	c	0.0301	0.0167	1.8024	83647.0	0.02976
rs34340	chr5	74932099	g	t	0.0455	0.0041	11.0976	172698.96	1.876e-25
rs73122770	chr5	74933606	a	g	0.0206	0.018	1.1444	74958.58	0.253
rs73122772	chr5	74933812	g	c	0.0023	0.0174	0.1322	83122.57	0.8798
rs34342	chr5	74934213	t	g	0.0376	0.0045	8.3556	169719.94	1.602e-15
rs11948442	chr5	74934272	t	c	0.0258	0.012	2.1500	163723.58	0.02936
rs11960747	chr5	74934363	a	g	0.031	0.0174	1.7816	80608.0	0.05582
rs11960771	chr5	74934450	a	g	0.0361	0.0172	2.0988	80608.0	0.02733
rs16872683	chr5	74934659	t	g	0.0338	0.0174	1.9425	80608.0	0.03684
rs34344	chr5	74935825	a	g	0.0371	0.0042	8.8333	168308.97	3.04e-17
rs57531042	chr5	74937238	a	g	0.0187	0.0178	1.0506	77857.61	0.3407
rs6894068	chr5	74937724	g	a	0.0274	0.0121	2.2645	166811.61	0.01555
rs1422441	chr5	74937913	t	g	0.0265	0.0119	2.2269	166937.61	0.01802
rs2112348	chr5	74944372	t	g	0.0316	0.017	1.8588	83855.0	0.04643
rs2112349	chr5	74944441	g	t	0.0199	0.0117	1.7009	166983.9	0.07572
rs34349	chr5	74944868	a	g	0.0383	0.0045	8.5111	172934.03	1.611e-16
rs60385047	chr5	74944874	g	a	0.0178	0.0182	0.9780	73581.62	0.3658
rs57670471	chr5	74944940	a	g	0.018	0.0167	1.0778	83140.62	0.2655
rs34350	chr5	74945108	g	c	0.0379	0.0041	9.2439	172958.02	2.257e-18
rs115828485	chr5	74945376	a	g	0.0161	0.0129	1.2481	83140.71	0.2124
rs6895148	chr5	74945545	t	g	0.0232	0.012	1.9333	166981.62	0.0381
rs6870090	chr5	74945641	c	t	0.0283	0.0174	1.6264	81116.0	0.0691
rs1991450	chr5	74945961	g	c	0.0213	0.0119	1.7899	166986.62	0.04753
rs16872693	chr5	74946455	g	a	0.0322	0.017	1.8941	83855.0	0.04173
rs17672204	chr5	74946518	a	g	0.0595	0.0112	5.3125	163535.88	9.135e-07
rs16872698	chr5	74947435	t	g	0.02	0.0122	1.6393	164254.63	0.07299
rs11948350	chr5	74948945	c	t	0.0335	0.017	1.9706	83855.0	0.03482
rs11952534	chr5	74949530	t	c	0.0366	0.0172	2.1279	82187.0	0.01642
rs17563312	chr5	74949600	t	a	0.0486	0.0077	6.3117	167944.11	1.454e-09
rs11955568	chr5	74949970	g	t	0.0206	0.0182	1.1319	76125.0	0.1556
rs75375419	chr5	74950582	c	g	0.0079	0.0176	0.4489	83130.68	0.6545
rs7714554	chr5	74951747	t	c	0.0547	0.0108	5.0648	169644.25	3.055e-06
rs7717355	chr5	74951901	a	g	0.0453	0.0061	7.4262	173029.92	2.319e-13
rs34351	chr5	74952861	c	a	0.0476	0.0054	8.8148	82639.0	8.666e-17
rs10515215	chr5	74954379	a	g	0.0541	0.0148	3.6554	86806.0	0.00087
rs16872720	chr5	74955542	a	c	0.054	0.0113	4.7788	156770.09	1.495e-05
rs253412	chr5	74955841	g	a	0.0516	0.0038	13.5789	171314.0	7.465e-39
rs253413	chr5	74955923	t	a	0.0357	0.0061	5.8525	82848.01	2.244e-08
rs253414	chr5	74956517	c	t	0.0528	0.0042	12.5714	144317.0	8.179e-34
rs16872723	chr5	74957273	a	g	0.0533	0.0107	4.9813	173028.44	5.017e-06
rs16872724	chr5	74957614	t	c	0.052	0.0115	4.5217	161744.45	2.342e-05
rs2287709	chr5	74957819	c	a	0.0526	0.0116	4.5345	158973.87	2.297e-05
rs2287708	chr5	74958283	a	t	0.0517	0.0115	4.4957	163564.53	2.534e-05
rs16872726	chr5	74958296	t	g	0.0523	0.0135	3.8741	116102.5	0.0002961
rs43193	chr5	74958475	a	g	0.0312	0.0105	2.9714	103609.48	0.001273
rs80301423	chr5	74958542	g	a	0.0584	0.0162	3.6049	83132.79	0.0008525
rs34355	chr5	74959970	g	a	0.0363	0.0047	7.7234	160099.0	5.135e-14
rs34356	chr5	74961796	t	g	0.0333	0.0046	7.2391	170801.94	2.169e-12
rs17563395	chr5	74962242	g	a	0.0428	0.0071	6.0282	173028.23	8.367e-10
rs6864860	chr5	74962456	t	g	0.0156	0.0118	1.3220	83133.36	0.1642
rs6453139	chr5	74962768	t	c	0.0254	0.0082	3.0976	173024.41	0.0009357
rs42854	chr5	74963277	g	c	0.0368	0.0055	6.6909	82555.0	1.777e-10
rs59593001	chr5	74963289	g	a	0.0278	0.0078	3.5641	83062.53	0.0007075
rs11750595	chr5	74963600	c	t	0.0427	0.007	6.1000	173007.03	6.669e-10
rs7715739	chr5	74964107	a	g	0.0476	0.0073	6.5205	172920.93	2.763e-11
rs369034591	chr5	74964128	c	t	0.0362	0.0066	5.4848	89887.0	7.041e-08
rs6898032	chr5	74964319	g	a	0.0271	0.0079	3.4304	170082.59	0.0005284
rs40059	chr5	74964582	a	g	0.0406	0.0042	9.6667	173029.04	8.994e-22
rs34358	chr5	74965122	g	a	0.0466	0.0039	11.9487	159570.0	8.765e-31
rs42302	chr5	74965554	a	g	0.0481	0.0038	12.6579	172532.0	7.313e-35
rs7713211	chr5	74965977	a	t	0.0358	0.007	5.1143	83117.43	2.15e-06
rs28493912	chr5	74967164	a	c	0.034	0.0093	3.6559	83120.43	0.0005295
rs76377470	chr5	74967187	c	g	0.0009	0.0232	0.0388	70320.25	0.9464
rs6893029	chr5	74967199	c	g	0.0362	0.0071	5.0986	81429.93	2.479e-06
rs40060	chr5	74967386	c	t	0.0474	0.0038	12.4737	169365.9	5.952e-34
rs34360	chr5	74967708	c	a	0.0479	0.0038	12.6053	172530.0	3.03e-35
rs77589126	chr5	74967839	c	t	0.0519	0.0293	1.7713	57071.0	0.1481
rs6869128	chr5	74968606	c	g	0.0039	0.0128	0.3047	82061.61	0.7498
rs10056022	chr5	74969415	a	g	0.0424	0.0066	6.4242	173031.43	1.874e-10
rs3815895	chr5	74970024	c	t	0.0362	0.0071	5.0986	82006.43	1.956e-06
rs17648910	chr5	74970556	g	t	0.0417	0.0073	5.7123	157155.0	5.423e-09
rs888786	chr5	74970850	a	g	0.0448	0.0072	6.2222	89888.0	1.388e-10
rs10075465	chr5	74970975	g	c	0.0409	0.005	8.1800	172872.52	5.587e-16
rs888787	chr5	74971018	c	t	0.0358	0.0071	5.0423	81774.52	3.031e-06
rs888897	chr5	74971025	t	c	0.0365	0.007	5.2143	83105.52	1.34e-06
rs17563512	chr5	74971167	c	t	0.0386	0.007	5.5143	170070.7	2.743e-08
rs10515214	chr5	74971374	g	a	0.0416	0.005	8.3200	167153.04	3.618e-16
rs76515575	chr5	74971480	t	c	0.038	0.0167	2.2754	76586.39	0.03734
rs34361	chr5	74971846	a	g	0.0439	0.0051	8.6078	92740.0	2.102e-17
rs6892146	chr5	74971990	g	c	0.0398	0.005	7.9600	171729.14	2.548e-15
rs2193989	chr5	74972507	t	g	0.0421	0.0078	5.3974	66833.41	5.284e-07
rs2193991	chr5	74972749	g	a	0.0387	0.009	4.3000	86937.0	1.555e-05
rs11749985	chr5	74972766	a	c	0.042	0.007	6.0000	172139.58	1.472e-09
rs2216572	chr5	74972877	a	g	0.0371	0.0064	5.7969	171981.0	2.592e-08
rs16872760	chr5	74973405	a	c	0.0387	0.0089	4.3483	89795.0	1.254e-05
rs2303647	chr5	74973879	t	c	0.0387	0.0089	4.3483	86937.0	1.587e-05
rs3815894	chr5	74973949	t	c	0.033	0.0093	3.5484	83135.0	0.001193
rs10066858	chr5	74974508	a	g	0.0391	0.009	4.3444	86937.0	1.414e-05
rs6894099	chr5	74975030	c	t	0.0498	0.0102	4.8824	89888.0	3.69e-07
rs253387	chr5	74975268	c	t	0.0372	0.0051	7.2941	144863.01	5.961e-13
rs1862220	chr5	74975429	a	g	0.0369	0.0089	4.1461	89888.0	3.371e-05
rs253388	chr5	74975912	a	g	0.0391	0.0041	9.5366	172966.0	5.587e-21
rs16872766	chr5	74976105	a	g	0.0201	0.015	1.3400	148968.13	0.1301
rs60739092	chr5	74976229	a	g	0.0192	0.0117	1.6410	83153.24	0.1074
rs73124801	chr5	74977061	g	t	0.0316	0.0097	3.2577	82800.32	0.001986
rs253389	chr5	74977149	a	g	0.0341	0.0056	6.0893	83130.0	1.217e-08
rs253390	chr5	74977661	t	c	0.0402	0.0041	9.8049	170083.0	4.605e-22
rs166183	chr5	74977845	t	c	0.0345	0.0057	6.0526	81385.1	9.061e-09
rs193344	chr5	74977854	t	c	0.0351	0.0058	6.0517	76447.0	1.044e-08
rs168807	chr5	74977950	a	g	0.0322	0.0045	7.1556	173036.02	4.26e-12
rs194137	chr5	74978857	g	a	0.0331	0.0056	5.9107	84977.0	2.781e-08
rs72768383	chr5	74979503	g	a	0.0517	0.0197	2.6244	82152.32	0.01709
rs4703676	chr5	74979866	c	g	0.0243	0.0062	3.9194	83104.95	0.0001834
rs17563589	chr5	74980019	g	a	0.0291	0.0062	4.6935	83086.96	8.181e-06
rs10515213	chr5	74980572	g	a	0.0323	0.0045	7.1778	173000.97	7.665e-12
rs34678567	chr5	74981103	c	t	0.0146	0.0216	0.6759	82084.62	0.5933
rs16872768	chr5	74982207	c	t	0.0463	0.0038	12.1842	172518.0	4.871e-33
rs17649030	chr5	74984029	c	t	0.0418	0.0069	6.0580	173012.77	1.414e-09
rs17649055	chr5	74984269	t	c	0.0364	0.0054	6.7407	93256.0	2.791e-11
rs67803720	chr5	74984408	t	a	0.0344	0.0056	6.1429	82926.0	7.536e-09
rs16872770	chr5	74984619	a	g	0.0405	0.0071	5.7042	165275.77	8.574e-09
rs17563686	chr5	74984818	t	a	0.0401	0.0041	9.7805	166410.9	1.531e-21
rs4704230	chr5	74986481	c	t	0.0383	0.0055	6.9636	77548.0	4.33e-11
rs4704231	chr5	74986576	a	g	0.0401	0.004	10.0250	173041.0	3.05e-22
rs17649109	chr5	74986702	g	a	0.0415	0.0069	6.0145	173011.87	1.922e-09
rs10462356	chr5	74987108	t	c	0.0336	0.0057	5.8947	81685.0	2.237e-08
rs16872776	chr5	74987991	a	t	0.0361	0.0069	5.2319	172997.96	7.831e-08
rs888788	chr5	74988336	t	c	0.032	0.0045	7.1111	167248.99	1.195e-11
rs888789	chr5	74988369	g	a	0.04	0.0053	7.5472	93665.0	4.927e-14
rs1817869	chr5	74989037	c	t	0.0408	0.0043	9.4884	155007.1	7.477e-21
rs66493518	chr5	74990125	c	g	0.0335	0.0056	5.9821	82923.0	1.91e-08
rs2307115	chr5	74990348	c	t	0.0266	0.0065	4.0923	76369.02	8.495e-05
rs2307114	chr5	74990779	c	a	0.0291	0.0085	3.4235	167774.71	0.0003068
rs115246584	chr5	74991166	c	a	0.0227	0.0161	1.4099	82640.36	0.2104
rs67054144	chr5	74991443	a	g	0.0341	0.0057	5.9825	80222.0	1.79e-08
rs34905687	chr5	74997736	c	t	0.0283	0.0052	5.4423	99214.9	8.341e-08
rs10057967	chr5	74997756	c	t	0.0522	0.0054	9.6667	89725.0	1.21e-21
rs41534344	chr5	74997832	c	t	0.0354	0.0055	6.4364	86542.9	1.166e-09
rs2307113	chr5	74998264	a	g	0.0401	0.004	10.0250	172898.1	4.938e-22
rs17563863	chr5	74998334	a	g	0.0341	0.0056	6.0893	83139.1	1.075e-08
rs17649248	chr5	74998426	a	g	0.0321	0.0044	7.2955	173019.97	9.494e-12
rs79392300	chr5	74998606	a	g	0.0531	0.0315	1.6857	50499.0	0.1161
rs17563877	chr5	74998892	t	c	0.032	0.0044	7.2727	173034.07	6.451e-12
rs72633981	chr5	74999564	t	g	0.0287	0.0062	4.6290	83147.08	1.008e-05
rs6874626	chr5	74999576	a	g	0.0459	0.0038	12.0789	172510.0	2.175e-32
rs17649266	chr5	75001252	c	t	0.0323	0.0045	7.1778	169778.01	7.995e-12
rs72633982	chr5	75001321	t	c	0.0288	0.0062	4.6452	83133.01	1.011e-05
rs4704234	chr5	75001432	g	a	0.0466	0.0058	8.0345	89879.0	1.812e-15
rs17672542	chr5	75001582	g	a	0.0318	0.0068	4.6765	173036.68	5.485e-06
rs72633983	chr5	75002845	t	c	0.0286	0.0062	4.6129	83142.04	1.128e-05
rs3797581	chr5	75002895	t	g	0.0329	0.0045	7.3111	170057.04	2.123e-12
rs114556078	chr5	75002959	c	t	0.0159	0.0129	1.2326	83156.9	0.2035
rs3797580	chr5	75003056	g	a	0.0453	0.0039	11.6154	164801.0	4.827e-30
rs2307112	chr5	75003413	c	a	0.0322	0.0045	7.1556	173033.04	5.183e-12
rs116188139	chr5	75003449	t	a	0.0227	0.0103	2.2039	73475.74	0.02793
rs2307111	chr5	75003678	c	t	0.0416	0.0037	11.2432	173028.0	7.344e-28
rs17649332	chr5	75003878	c	t	0.0368	0.0063	5.8413	89888.0	3.93e-08
rs17563974	chr5	75004175	a	g	0.0286	0.0062	4.6129	83144.94	1.102e-05
rs72633984	chr5	75005899	g	a	0.0288	0.0062	4.6452	83142.02	9.915e-06
rs60423072	chr5	75006113	a	t	0.0347	0.0056	6.1964	83103.0	5.199e-09
rs17649350	chr5	75006156	c	t	0.032	0.0045	7.1111	172895.02	1.025e-11
rs113242910	chr5	75006273	a	g	0.0488	0.0292	1.6712	66795.47	0.1487
rs72633985	chr5	75006384	g	a	0.0283	0.0065	4.3538	77795.02	2.633e-05
rs6865580	chr5	75007406	a	t	0.0175	0.012	1.4583	81637.77	0.1497
rs74842921	chr5	75007457	c	a	0.0195	0.0118	1.6525	83099.77	0.1074
rs17563995	chr5	75007556	g	a	0.0277	0.0062	4.4677	83147.0	1.828e-05
rs72633987	chr5	75007578	c	a	0.027	0.0062	4.3548	83101.0	2.987e-05
rs72633988	chr5	75007601	a	g	0.0275	0.0062	4.4355	83143.0	2.083e-05
rs2047059	chr5	75008193	c	t	0.0391	0.004	9.7750	171548.0	2.992e-21
rs17649362	chr5	75008958	t	c	0.0276	0.0062	4.4516	83138.99	1.959e-05
rs10474445	chr5	75009298	c	t	0.0358	0.0096	3.7292	89888.0	0.0001322
rs73126735	chr5	75009311	t	a	0.0132	0.0102	1.2941	80692.39	0.2428
rs75168664	chr5	75010519	t	c	0.0434	0.0167	2.5988	77902.52	0.01726
rs74343614	chr5	75011549	a	c	0.0238	0.016	1.4875	82641.39	0.1641
rs72768388	chr5	75011828	t	c	0.0499	0.0197	2.5330	82218.91	0.0203
rs72768389	chr5	75012309	c	a	0.0193	0.0159	1.2138	82999.74	0.2601
rs7730317	chr5	75012317	t	c	0.0337	0.0066	5.1061	173032.87	8.819e-07
rs2291631	chr5	75013036	a	g	0.0302	0.0086	3.5116	167504.37	0.0003109
rs114887634	chr5	75013236	a	g	0.0844	0.0227	3.7181	53474.27	0.0007629
rs2291630	chr5	75013356	a	g	0.0319	0.0045	7.0889	167726.96	1.643e-11
rs112148640	chr5	75013514	g	c	0.0478	0.0107	4.4673	82817.98	3.209e-05
rs12234025	chr5	75014916	a	g	0.0336	0.0068	4.9412	173040.77	2.166e-06
rs2112347	chr5	75015242	g	t	0.0443	0.0038	11.6579	173034.0	4.43e-30
rs66787104	chr5	75015698	a	g	0.0347	0.0055	6.3091	83136.0	1.925e-09
rs58255973	chr5	75016594	t	g	0.0263	0.0066	3.9848	74661.07	0.0001218
rs976013	chr5	75016943	g	a	0.0367	0.0098	3.7449	89884.0	0.0001214
rs73126745	chr5	75016989	g	a	0.0216	0.01	2.1600	83144.04	0.03393
rs114676482	chr5	75017319	a	g	0.0762	0.0193	3.9482	76320.21	0.0004065
rs72633989	chr5	75017433	t	c	0.0319	0.0076	4.1974	54965.91	4.737e-05
rs114343415	chr5	75017634	c	t	0.0425	0.0152	2.7961	82083.1	0.009471
rs114597610	chr5	75017740	c	t	0.0854	0.0244	3.5000	75082.11	0.004491
rs73126747	chr5	75017877	c	g	0.0232	0.01	2.3200	82979.57	0.02367
rs72633990	chr5	75018198	a	g	0.0266	0.0062	4.2903	82288.03	4.53e-05
rs112305344	chr5	75018353	t	a	0.0571	0.0314	1.8185	51350.0	0.08867
rs17564079	chr5	75020023	g	t	0.0321	0.007	4.5857	173031.8	4.526e-06
rs7711096	chr5	75021177	g	a	0.0089	0.0096	0.9271	172880.89	0.2902
rs12109685	chr5	75024066	g	a	0.026	0.0061	4.2623	83132.92	4.362e-05
rs77704375	chr5	75024074	c	t	0.0165	0.0202	0.8168	74620.52	0.6003
rs74391348	chr5	75024245	a	g	0.0191	0.01	1.9100	83137.68	0.06052
rs4704235	chr5	75024380	g	t	0.0309	0.0044	7.0227	172962.0	3.946e-11
rs58212453	chr5	75024913	t	c	0.0208	0.01	2.0800	83142.68	0.04138
rs58578970	chr5	75024999	a	c	0.0206	0.01	2.0600	83083.68	0.04422
rs72768391	chr5	75026565	g	a	0.0108	0.0168	0.6429	83149.23	0.5503
rs75504065	chr5	75027320	t	c	0.0327	0.0132	2.4773	77898.13	0.0223
rs7730516	chr5	75030034	a	g	0.0333	0.004	8.3250	165630.0	8.983e-16
rs78948858	chr5	75030151	a	g	0.0205	0.01	2.0500	83126.21	0.04604
rs11748475	chr5	75031406	a	t	0.0136	0.01	1.3600	83075.42	0.1376
rs7734618	chr5	75033762	a	t	0.0295	0.0045	6.5556	167728.91	4.703e-10
rs73126775	chr5	75034195	g	t	0.0207	0.0098	2.1122	83138.32	0.03991
rs7715806	chr5	75034387	t	c	0.0359	0.0039	9.2051	167221.0	2.098e-19
rs56912706	chr5	75037086	g	a	0.0283	0.0053	5.3396	81273.0	3.551e-07
rs9942416	chr5	75037295	g	c	0.031	0.0038	8.1579	172420.9	1.051e-15
rs72633991	chr5	75037914	t	c	0.0248	0.006	4.1333	83123.06	8.139e-05
rs73126780	chr5	75037987	c	t	0.0193	0.0098	1.9694	83143.03	0.051
rs56699811	chr5	75038075	g	c	0.0041	0.0145	0.2828	83149.86	0.8805
rs73126781	chr5	75038221	c	g	0.0119	0.0099	1.2020	83118.82	0.1632
rs7707588	chr5	75038267	a	g	0.0294	0.0053	5.5472	82589.9	1.058e-07
rs60493905	chr5	75038426	t	c	0.0275	0.0056	4.9107	83126.07	3.106e-06
rs73126786	chr5	75038664	g	a	0.0178	0.0099	1.7980	83121.89	0.07422
rs258494	chr5	75038718	c	g	0.0339	0.0039	8.6923	166328.0	2.255e-17
rs258495	chr5	75038901	t	a	0.0218	0.0059	3.6949	66486.9	0.0003289
rs114162712	chr5	75040015	t	g	0.053	0.0436	1.2156	51801.0	0.2201
rs1001935	chr5	75040180	a	g	0.0368	0.0093	3.9570	89885.0	6.844e-05
rs78948144	chr5	75040317	t	c	0.0121	0.0132	0.9167	77637.82	0.4712
rs34347	chr5	75041362	t	g	0.0111	0.0055	2.0182	79110.0	0.0513
rs76958242	chr5	75041363	a	c	0.0217	0.0104	2.0865	72703.51	0.06725
rs17740154	chr5	75041495	a	g	0.0307	0.0244	1.2582	91862.5	0.3994
rs28225	chr5	75041561	t	c	0.0089	0.0039	2.2821	170873.1	0.03495
rs34348	chr5	75041946	a	g	0.0153	0.0037	4.1351	169978.0	7.581e-05
rs28137	chr5	75042667	a	g	0.0088	0.0038	2.3158	173004.0	0.03565
rs258496	chr5	75042913	g	a	0.0245	0.0037	6.6216	172988.0	1.181e-10
rs258497	chr5	75044685	a	c	0.0164	0.0037	4.4324	172982.0	1.763e-05
rs258499	chr5	75044847	c	t	0.0196	0.0053	3.6981	89888.0	0.0003334
rs258500	chr5	75045234	t	c	0.0166	0.0037	4.4865	173002.0	1.475e-05
rs258501	chr5	75045675	g	a	0.0173	0.0037	4.6757	172998.1	5.776e-06
rs258502	chr5	75046053	g	t	0.0168	0.0044	3.8182	115816.0	0.0002378
rs72768400	chr5	75046359	g	t	0.018	0.0147	1.2245	54928.66	0.2709
rs258512	chr5	75046962	a	g	0.0174	0.0037	4.7027	172975.0	4.998e-06
rs11750165	chr5	75047895	c	t	0.0362	0.01	3.6200	62919.0	0.0003636
rs73128519	chr5	75047949	a	c	0.0149	0.0097	1.5361	83011.33	0.1564
rs39656	chr5	75048465	t	c	0.0163	0.0037	4.4054	172888.0	1.978e-05
rs34352	chr5	75049705	a	g	0.0157	0.0037	4.2432	173015.9	3.66e-05
rs73128524	chr5	75051429	c	t	0.0157	0.0096	1.6354	83113.46	0.1322
rs34353	chr5	75051684	c	t	0.0145	0.0037	3.9189	170036.0	0.0001499
rs59636050	chr5	75052084	g	c	0.0155	0.0096	1.6146	83033.15	0.1397
rs79036314	chr5	75052865	c	t	0.0166	0.0097	1.7113	83062.04	0.1122
rs34354	chr5	75053482	g	a	0.0148	0.0037	4.0000	169960.0	0.0001269
rs79291188	chr5	75054016	g	a	0.0535	0.0421	1.2708	53247.0	0.1976
rs258511	chr5	75054602	a	g	0.0144	0.0056	2.5714	70514.0	0.01492
rs112307884	chr5	75057430	a	c	0.0106	0.0361	0.2936	68680.35	0.8656
rs258507	chr5	75059968	g	a	0.0158	0.0051	3.0980	82929.0	0.003661
rs114757015	chr5	75071875	g	a	0.0691	0.0264	2.6174	76201.79	0.01219
rs795024	chr5	75073694	g	a	0.0166	0.0038	4.3684	160099.0	3.593e-05
rs72770305	chr5	75075324	t	c	0.0882	0.0484	1.8223	62543.2	0.1126
rs11953513	chr5	75075777	c	t	0.0147	0.0097	1.5155	83127.61	0.1702
rs10474446	chr5	75080165	t	c	0.0176	0.0121	1.4545	83113.93	0.1232
rs2087922	chr5	75088453	t	c	0.003	0.0054	0.5556	89888.0	0.6522
rs73128573	chr5	75096227	a	g	0.0141	0.0097	1.4536	83122.72	0.1876
rs7711881	chr5	75096364	a	t	0.0125	0.0055	2.2727	76761.1	0.02954
rs7712016	chr5	75096378	g	t	0.004	0.0055	0.7273	89888.0	0.5179
rs7725316	chr5	75096559	t	g	0.009	0.0038	2.3684	172999.0	0.02847
rs1525772	chr5	75096693	t	a	0.0139	0.0053	2.6226	82912.0	0.01194
rs1525774	chr5	75097385	t	c	0.0166	0.0038	4.3684	160105.0	2.823e-05
rs6453154	chr5	75097525	t	c	0.0044	0.0053	0.8302	89888.0	0.4958
rs7731973	chr5	75097623	t	c	0.0068	0.0054	1.2593	89888.0	0.2715
rs6453156	chr5	75097661	a	g	0.0051	0.0053	0.9623	89888.0	0.4156
rs13160666	chr5	75098068	t	c	0.011	0.0038	2.8947	172957.0	0.007309
rs6892676	chr5	75098121	g	t	0.0087	0.0037	2.3514	173012.0	0.0354
rs13359278	chr5	75098528	c	a	0.026	0.02	1.3000	81517.62	0.438
rs7733891	chr5	75099610	g	a	0.0239	0.0071	3.3662	173003.82	0.0005728
rs1525775	chr5	75099814	c	t	0.0054	0.0054	1.0000	89888.0	0.3878
rs6859787	chr5	75100437	g	a	0.0143	0.0053	2.6981	83074.0	0.01044
rs721901	chr5	75100624	t	c	0.0112	0.0054	2.0741	81887.0	0.04703
rs721903	chr5	75100770	g	a	0.0061	0.0054	1.1296	89888.0	0.318
rs2336028	chr5	75100916	c	t	0.0055	0.0054	1.0185	89871.0	0.3932
rs6453161	chr5	75101409	c	t	0.0111	0.0039	2.8462	172994.1	0.008145
rs7729368	chr5	75102037	t	c	0.0059	0.0056	1.0536	89888.0	0.3397
rs7711282	chr5	75102100	g	a	0.0181	0.0055	3.2909	83122.9	0.001779
rs35166615	chr5	75102431	t	c	0.018	0.0055	3.2727	83122.1	0.001931
rs1525776	chr5	75102563	g	a	0.0049	0.0056	0.8750	89873.0	0.4186
rs13164593	chr5	75102655	g	a	0.0175	0.0055	3.1818	83128.0	0.002624
rs1464919	chr5	75103809	g	a	0.0044	0.0056	0.7857	89844.0	0.4628
rs1997096	chr5	75104101	a	g	0.0115	0.004	2.8750	170062.0	0.007544
rs6863867	chr5	75111103	c	a	0.0177	0.0055	3.2182	83111.0	0.00228
rs6883438	chr5	75111183	t	c	0.0059	0.0056	1.0536	89888.0	0.339
rs7709242	chr5	75111397	c	t	0.0047	0.0057	0.8246	86937.0	0.4796
rs116343275	chr5	75113761	g	a	0.0607	0.0419	1.4487	65073.34	0.2414
rs4317299	chr5	75114764	t	g	0.0117	0.004	2.9250	170060.0	0.006009
rs6453165	chr5	75117641	t	g	0.0054	0.0058	0.9310	86915.0	0.3188
rs1917756	chr5	75120156	g	a	0.0059	0.0058	1.0172	86937.0	0.3096
rs76912647	chr5	75121644	g	c	0.0176	0.0066	2.6667	171099.7	0.01171
rs12655976	chr5	75121964	c	t	0.0053	0.0058	0.9138	86937.0	0.3526
rs12657456	chr5	75122186	a	g	0.0115	0.004	2.8750	170036.0	0.006645
rs6860558	chr5	75122363	c	t	0.0118	0.004	2.9500	172984.0	0.00499
rs6876022	chr5	75122417	t	c	0.0118	0.004	2.9500	172979.0	0.005071
rs6874956	chr5	75122491	a	g	0.0063	0.0057	1.1053	89888.0	0.2728
rs2049495	chr5	75122815	t	c	0.015	0.0041	3.6585	173014.0	0.0004429
rs6861442	chr5	75123064	g	a	0.0081	0.006	1.3500	89886.0	0.1523
rs6453166	chr5	75123529	g	a	0.0212	0.0056	3.7857	89888.0	0.0003193
rs1917753	chr5	75124639	g	a	0.0202	0.0053	3.8113	89687.0	0.0004188
rs1917752	chr5	75124845	c	t	0.0197	0.0052	3.7885	89748.0	0.000759
rs1917751	chr5	75124925	c	t	0.0203	0.0053	3.8302	89847.0	0.0005249
rs1880648	chr5	75127897	g	a	0.0407	0.0146	2.7877	162979.63	0.001401
rs13158199	chr5	75128430	c	t	0.0197	0.0052	3.7885	89888.0	0.000851
rs11741319	chr5	75128446	t	c	0.021	0.0052	4.0385	89854.0	0.0004438
rs13172604	chr5	75128556	a	c	0.0197	0.0052	3.7885	89888.0	0.0008371
rs940856	chr5	75128609	a	g	0.021	0.0052	4.0385	89876.0	0.0004367
rs7706754	chr5	75129335	g	a	0.0209	0.0052	4.0192	89888.0	0.0003973
rs3920410	chr5	75130048	a	g	0.021	0.0052	4.0385	89888.0	0.0003654
rs10474448	chr5	75130524	c	t	0.021	0.0052	4.0385	89888.0	0.0003484
rs9293658	chr5	75132062	c	t	0.0231	0.0052	4.4423	89888.0	5.699e-05
rs7727150	chr5	75132546	g	t	0.024	0.0038	6.3158	158030.0	4.966e-09
rs11745812	chr5	75133013	t	c	0.021	0.0053	3.9623	89775.0	0.0004417
rs2049494	chr5	75135156	a	g	0.021	0.0052	4.0385	89888.0	0.0003427
rs6891632	chr5	75138443	c	t	0.0232	0.0052	4.4615	89888.0	5.634e-05
rs6887352	chr5	75138486	g	a	0.0203	0.0053	3.8302	89888.0	0.0005596
rs10805894	chr5	75146256	a	c	0.0237	0.0053	4.4717	89888.0	3.872e-05
rs6896474	chr5	74453818	g	c	0.0466	0.0053	8.7925	89803.0	9.957e-18
rs373596487	chr5	74658176	t	g	0.0555	0.0085	6.5294	83130.8	8.782e-10
rs253411	chr5	74954633	a	t	0.0568	0.0055	10.3273	89888.0	2.882e-24
rs182826525	chr5	74719210	g	a	0.1167	0.049	2.3816	54877.31	0.01712
rs6894556	chr5	74378921	a	t	0.0386	0.0187	2.0642	79140.0	0.05744
rs6453130	chr5	74587090	t	a	0.0267	0.011	2.4273	86937.0	0.00619
rs10077292	chr5	74495037	c	g	0.0326	0.0063	5.1746	89888.0	2.373e-08
rs13177044	chr5	74437052	a	t	0.0069	0.0091	0.7582	84967.0	0.5717
rs372811307	chr5	74659988	a	g	0.0602	0.008	7.5250	77887.01	1.164e-12
rs13360099	chr5	74781439	c	g	0.0627	0.0076	8.2500	89888.0	3.948e-14
rs2545420	chr5	75060517	g	c	0.0166	0.0052	3.1923	89888.0	0.002743
rs184871316	chr5	74954901	t	g	0.0304	0.0066	4.6061	77864.0	1.053e-05
rs5744591	chr5	74845235	t	a	0.0487	0.0095	5.1263	86937.0	3.495e-07
rs1862219	chr5	74975344	t	a	0.0368	0.0089	4.1348	89879.0	3.636e-05
rs5744720	chr5	74894333	g	c	0.0339	0.0169	2.0059	83855.0	0.02223
rs5744724	chr5	74895474	c	g	0.0269	0.0112	2.4018	89642.0	0.00621
rs9293634	chr5	74239231	g	c	0.0067	0.0072	0.9306	73267.0	0.3631
rs2035192	chr5	74407231	a	t	0.0462	0.0053	8.7170	89888.0	4.343e-18
rs6453101	chr5	74266293	t	a	0.0029	0.0072	0.4028	89888.0	0.5115
rs183357401	chr5	74641091	c	t	0.0625	0.0063	9.9206	77829.04	8.019e-21
rs4632781	chr5	74376658	c	g	0.0615	0.0069	8.9130	89888.0	6.346e-17
rs17738645	chr5	74158340	c	g	0.009	0.01	0.9000	89880.0	0.3398
rs373371518	chr5	75001043	a	t	0.028	0.0078	3.5897	52336.0	0.0005608
rs2112350	chr5	74944551	c	g	0.0333	0.0168	1.9821	83855.0	0.03729
rs16872528	chr5	74676283	a	t	0.0484	0.0092	5.2609	89743.0	5.906e-07
rs17564561	chr5	75139169	t	a	0.0238	0.0052	4.5769	89888.0	2.705e-05
rs185707939	chr5	74700126	c	a	0.0639	0.0076	8.4079	77888.03	1.604e-15
rs34341	chr5	74934009	a	t	0.0611	0.0054	11.3148	86641.0	1.017e-28
rs10462512	chr5	74387317	g	c	0.0465	0.0053	8.7736	89888.0	2.571e-18
rs190616816	chr5	74700127	c	a	0.0638	0.0084	7.5952	64877.03	8.893e-13
rs6891974	chr5	75118172	c	g	0.0052	0.0058	0.8966	86937.0	0.362
rs961098	chr5	74400386	c	g	0.023	0.0073	3.1507	86927.0	0.0004718
rs1455786	chr5	74191807	g	c	0.0042	0.0064	0.6562	89888.0	0.5958
rs5744564	chr5	74821036	a	t	0.0569	0.0108	5.2685	89888.0	2.442e-07
rs17563610	chr5	74981322	t	a	0.0369	0.0065	5.6769	86937.0	5.59e-08
rs10069709	chr5	74269562	t	a	0.0401	0.006	6.6833	89888.0	3.545e-10
rs2241402	chr5	74646255	a	t	0.0328	0.0113	2.9027	86937.0	0.001236
rs189455492	chr5	74908146	g	c	0.0643	0.008	8.0375	70309.95	5.005e-14
rs189714208	chr5	74796819	t	g	0.007	0.0116	0.6034	71563.99	0.7385
rs6453167	chr5	75123650	t	a	0.0196	0.0059	3.3220	89860.0	0.001152
rs2335107	chr5	74451693	a	t	0.0481	0.0077	6.2468	86937.0	3.364e-09
rs78463464	chr5	75110518	t	g	0.0146	0.0068	2.1471	54680.0	0.0415
rs74703093	chr5	74734757	c	t	0.0633	0.0076	8.3289	77887.01	2.541e-15
rs2006760	chr5	74562029	g	c	0.0533	0.0076	7.0132	89885.0	1.668e-13
rs188954314	chr5	74817594	c	t	0.0546	0.0063	8.6667	76626.04	1.759e-16
rs16872436	chr5	74463442	t	a	0.0515	0.0078	6.6026	86937.0	4.127e-10
rs7722489	chr5	74220737	g	c	0.0057	0.0073	0.7808	76264.0	0.3883
rs185581911	chr5	74760184	a	g	0.0552	0.0062	8.9032	77851.04	5.26e-17
rs4492095	chr5	74317279	c	g	0.0185	0.0058	3.1897	89888.0	0.001266
rs4704183	chr5	74471048	g	c	0.0523	0.0055	9.5091	86937.0	1.492e-21
rs10515209	chr5	75128183	c	g	0.0779	0.0253	3.0791	83406.0	0.004642
rs7732958	chr5	74570999	c	g	0.0256	0.0108	2.3704	89888.0	0.007746
rs10474449	chr5	75137830	a	t	0.0202	0.0053	3.8113	89888.0	0.0005883
rs1525773	chr5	75097125	a	t	0.0035	0.0053	0.6604	89888.0	0.5988
rs6453143	chr5	75023210	c	g	0.0425	0.0055	7.7273	89888.0	3.149e-14
rs11960741	chr5	74934341	a	t	0.0351	0.0173	2.0289	80608.0	0.03054
rs1815162	chr5	75127940	a	t	0.0184	0.0052	3.5385	89828.0	0.002089
rs9654429	chr5	74466925	g	c	0.0474	0.0054	8.7778	86937.0	1.504e-18
rs7704104	chr5	74450278	a	t	0.0473	0.0054	8.7593	86937.0	1.698e-18
rs6867497	chr5	75098815	c	g	0.0047	0.0054	0.8704	89888.0	0.4635
rs16872433	chr5	74449820	c	g	0.0246	0.0204	1.2059	79365.0	0.1419
rs9293659	chr5	75141421	a	t	0.0218	0.0053	4.1132	89888.0	0.0002079
rs1422702	chr5	74510993	g	c	0.0538	0.0077	6.9870	89888.0	5.2e-11
rs75180116	chr5	75002390	c	t	0.0281	0.0069	4.0725	67029.03	0.0001002
rs9293644	chr5	74387434	a	t	0.032	0.0064	5.0000	89786.0	4.535e-08
rs6872417	chr5	74558296	a	t	0.0078	0.0094	0.8298	84967.0	0.6385
rs34359	chr5	74967693	g	c	0.0535	0.0053	10.0943	89888.0	1.865e-23
rs17672849	chr5	75121714	t	a	0.0056	0.0058	0.9655	86937.0	0.3348
rs16872437	chr5	74463464	g	c	0.0257	0.0207	1.2415	77526.0	0.141
rs1477938	chr5	74414317	g	c	0.006	0.0096	0.6250	76925.0	0.6248
rs181748302	chr5	74644793	a	t	0.0685	0.0055	12.4545	74753.0	9.335e-32
rs1992589	chr5	74381255	c	g	0.0263	0.0201	1.3085	80265.0	0.1185
rs7705938	chr5	75120681	g	c	0.0055	0.0058	0.9483	86937.0	0.3371
rs186690041	chr5	75044207	t	c	0.0161	0.0052	3.0962	82941.0	0.003157
rs371107597	chr5	75012209	c	g	0.0437	0.0161	2.7143	83143.54	0.01236
rs12515649	chr5	74244116	c	g	0.0208	0.0059	3.5254	89882.0	0.0001781
rs7724438	chr5	74395932	a	t	0.0465	0.0053	8.7736	89888.0	2.251e-18
rs7726378	chr5	74337139	t	a	0.0184	0.0058	3.1724	89888.0	0.001492
rs717587	chr5	74433835	c	a	0.0547	0.008	6.8375	89888.0	3.631e-10
rs4704188	chr5	74482675	t	a	0.0473	0.0054	8.7593	86937.0	1.663e-18
rs58711993	chr5	74972372	c	g	0.0459	0.007	6.5571	87149.0	2.244e-11
rs7735057	chr5	74403857	a	t	0.047	0.0053	8.8679	89888.0	1.252e-18
rs10473975	chr5	75132732	t	a	0.021	0.0052	4.0385	89880.0	0.0003707
rs6453162	chr5	75101563	c	g	0.0086	0.0059	1.4576	82016.0	0.2036
